[0m11:56:24.550217 [debug] [MainThread]: Sending event: {'category': 'dbt', 'action': 'invocation', 'label': 'start', 'context': [<snowplow_tracker.self_describing_json.SelfDescribingJson object at 0xffff7cc4cd70>, <snowplow_tracker.self_describing_json.SelfDescribingJson object at 0xffff7b8a7ed0>, <snowplow_tracker.self_describing_json.SelfDescribingJson object at 0xffff7b8a7c50>]}


============================== 11:56:24.581129 | 882f783f-c708-4cb9-8947-938d287988f1 ==============================
[0m11:56:24.581129 [info ] [MainThread]: Running with dbt=1.12.5
[0m11:56:24.581676 [debug] [MainThread]: running dbt with arguments {'log_cache_events': 'False', 'log_format': 'default', 'profiles_dir': '.', 'hints_enabled': 'True', 'printer_width': '80', 'send_anonymous_usage_stats': 'True', 'debug': 'False', 'quiet': 'False', 'warn_error_options': 'WarnErrorOptionsV2(error=[], warn=[], silence=[])', 'empty': 'False', 'indirect_selection': 'eager', 'static_parser': 'True', 'log_path': '/opt/airflow/project/dbt/weather/logs', 'no_print': 'None', 'warn_error': 'None', 'maximum_seed_size_mib': '1', 'target_path': 'None', 'write_json': 'True', 'use_experimental_parser': 'False', 'partial_parse': 'True', 'introspect': 'True', 'invocation_command': 'dbt run --profiles-dir .', 'cache_selected_only': 'False', 'version_check': 'True', 'fail_fast': 'False', 'use_colors': 'True'}
[0m11:56:24.729697 [debug] [MainThread]: Sending event: {'category': 'dbt', 'action': 'project_id', 'label': '882f783f-c708-4cb9-8947-938d287988f1', 'context': [<snowplow_tracker.self_describing_json.SelfDescribingJson object at 0xffff7c89ce90>]}
[0m11:56:24.756376 [debug] [MainThread]: Sending event: {'category': 'dbt', 'action': 'adapter_info', 'label': '882f783f-c708-4cb9-8947-938d287988f1', 'context': [<snowplow_tracker.self_describing_json.SelfDescribingJson object at 0xffff7d6397b0>]}
[0m11:56:24.756984 [info ] [MainThread]: Registered adapter: postgres=1.9.1
[0m11:56:24.786256 [debug] [MainThread]: checksum: afd20fbb4d06d62f3d6b74dcf1323d861272964b952c4e208b6d9abde9858694, vars: {}, profile: weather, target: dev, version: 1.12.5
[0m11:56:24.786775 [info ] [MainThread]: Unable to do partial parsing because saved manifest not found. Starting full parse.
[0m11:56:24.787017 [debug] [MainThread]: Sending event: {'category': 'dbt', 'action': 'partial_parser', 'label': '882f783f-c708-4cb9-8947-938d287988f1', 'context': [<snowplow_tracker.self_describing_json.SelfDescribingJson object at 0xffff7b917850>]}
[0m11:56:25.289685 [warn ] [MainThread]: [[33mWARNING[0m][MissingArgumentsPropertyInGenericTestDeprecation]: Deprecated
functionality
Found top-level arguments to test `relationships` defined on
'fct_weather_observation' in package 'weather' (models/marts/schema.yml).
Arguments to generic tests should be nested under the `arguments` property.
[0m11:56:25.290149 [debug] [MainThread]: Sending event: {'category': 'dbt', 'action': 'deprecation', 'label': '882f783f-c708-4cb9-8947-938d287988f1', 'property_': 'warn', 'context': [<snowplow_tracker.self_describing_json.SelfDescribingJson object at 0xffff7a44c050>]}
[0m11:56:25.352616 [debug] [MainThread]: Sending event: {'category': 'dbt', 'action': 'load_project', 'label': '882f783f-c708-4cb9-8947-938d287988f1', 'context': [<snowplow_tracker.self_describing_json.SelfDescribingJson object at 0xffff78ca0050>]}
[0m11:56:25.402606 [debug] [MainThread]: Wrote artifact WritableManifest to /opt/airflow/project/dbt/weather/target/manifest.json
[0m11:56:25.403958 [debug] [MainThread]: Wrote artifact SemanticManifest to /opt/airflow/project/dbt/weather/target/semantic_manifest.json
[0m11:56:25.409843 [debug] [MainThread]: Wrote artifact OsiDocument to /opt/airflow/project/dbt/weather/target/osi_document.json
[0m11:56:25.414460 [debug] [MainThread]: Sending event: {'category': 'dbt', 'action': 'resource_counts', 'label': '882f783f-c708-4cb9-8947-938d287988f1', 'context': [<snowplow_tracker.self_describing_json.SelfDescribingJson object at 0xffff7a3f9d90>]}
[0m11:56:25.414677 [info ] [MainThread]: Found 3 models, 16 data tests, 1 source, 476 macros
[0m11:56:25.414953 [debug] [MainThread]: Sending event: {'category': 'dbt', 'action': 'runnable_timing', 'label': '882f783f-c708-4cb9-8947-938d287988f1', 'context': [<snowplow_tracker.self_describing_json.SelfDescribingJson object at 0xffff78aa3590>]}
[0m11:56:25.415888 [info ] [MainThread]: 
[0m11:56:25.416083 [info ] [MainThread]: Concurrency: 4 threads (target='dev')
[0m11:56:25.416280 [info ] [MainThread]: 
[0m11:56:25.416626 [debug] [MainThread]: Acquiring new postgres connection 'master'
[0m11:56:25.418371 [debug] [ThreadPool]: Acquiring new postgres connection 'list_db'
[0m11:56:25.422304 [debug] [ThreadPool]: Acquiring new postgres connection 'list_db'
[0m11:56:25.437106 [debug] [ThreadPool]: Using postgres connection "list_db"
[0m11:56:25.437287 [debug] [ThreadPool]: Using postgres connection "list_db"
[0m11:56:25.437443 [debug] [ThreadPool]: On list_db: /* {"app": "dbt", "dbt_version": "1.12.5", "profile_name": "weather", "target_name": "dev", "connection_name": "list_db"} */

    select distinct nspname from pg_namespace
  
[0m11:56:25.437611 [debug] [ThreadPool]: On list_db: /* {"app": "dbt", "dbt_version": "1.12.5", "profile_name": "weather", "target_name": "dev", "connection_name": "list_db"} */

    select distinct nspname from pg_namespace
  
[0m11:56:25.437769 [debug] [ThreadPool]: Opening a new connection, currently in state init
[0m11:56:25.437908 [debug] [ThreadPool]: Opening a new connection, currently in state init
[0m11:56:25.443350 [debug] [ThreadPool]: SQL status: SELECT 5 in 0.005 seconds
[0m11:56:25.443530 [debug] [ThreadPool]: SQL status: SELECT 5 in 0.006 seconds
[0m11:56:25.444080 [debug] [ThreadPool]: On list_db: Close
[0m11:56:25.444573 [debug] [ThreadPool]: On list_db: Close
[0m11:56:25.445056 [debug] [ThreadPool]: Re-using an available connection from the pool (formerly list_db, now create_db_dev_marts)
[0m11:56:25.445297 [debug] [ThreadPool]: Re-using an available connection from the pool (formerly list_db, now create_db_dev_staging)
[0m11:56:25.445558 [debug] [ThreadPool]: Creating schema "database: "db"
schema: "dev_marts"
"
[0m11:56:25.445803 [debug] [ThreadPool]: Creating schema "database: "db"
schema: "dev_staging"
"
[0m11:56:25.447592 [debug] [ThreadPool]: Using postgres connection "create_db_dev_marts"
[0m11:56:25.448078 [debug] [ThreadPool]: Using postgres connection "create_db_dev_staging"
[0m11:56:25.448248 [debug] [ThreadPool]: On create_db_dev_marts: BEGIN
[0m11:56:25.448411 [debug] [ThreadPool]: On create_db_dev_staging: BEGIN
[0m11:56:25.448567 [debug] [ThreadPool]: Opening a new connection, currently in state closed
[0m11:56:25.448724 [debug] [ThreadPool]: Opening a new connection, currently in state closed
[0m11:56:25.452188 [debug] [ThreadPool]: SQL status: BEGIN in 0.004 seconds
[0m11:56:25.452433 [debug] [ThreadPool]: Using postgres connection "create_db_dev_marts"
[0m11:56:25.452615 [debug] [ThreadPool]: On create_db_dev_marts: /* {"app": "dbt", "dbt_version": "1.12.5", "profile_name": "weather", "target_name": "dev", "connection_name": "create_db_dev_marts"} */
create schema if not exists "dev_marts"
[0m11:56:25.452766 [debug] [ThreadPool]: SQL status: BEGIN in 0.004 seconds
[0m11:56:25.452956 [debug] [ThreadPool]: Using postgres connection "create_db_dev_staging"
[0m11:56:25.453119 [debug] [ThreadPool]: SQL status: CREATE SCHEMA in 0.000 seconds
[0m11:56:25.453251 [debug] [ThreadPool]: On create_db_dev_staging: /* {"app": "dbt", "dbt_version": "1.12.5", "profile_name": "weather", "target_name": "dev", "connection_name": "create_db_dev_staging"} */
create schema if not exists "dev_staging"
[0m11:56:25.453659 [debug] [ThreadPool]: On create_db_dev_marts: COMMIT
[0m11:56:25.453884 [debug] [ThreadPool]: Using postgres connection "create_db_dev_marts"
[0m11:56:25.454029 [debug] [ThreadPool]: SQL status: CREATE SCHEMA in 0.000 seconds
[0m11:56:25.454154 [debug] [ThreadPool]: On create_db_dev_marts: COMMIT
[0m11:56:25.454545 [debug] [ThreadPool]: On create_db_dev_staging: COMMIT
[0m11:56:25.454765 [debug] [ThreadPool]: Using postgres connection "create_db_dev_staging"
[0m11:56:25.454942 [debug] [ThreadPool]: SQL status: COMMIT in 0.000 seconds
[0m11:56:25.455078 [debug] [ThreadPool]: On create_db_dev_staging: COMMIT
[0m11:56:25.455226 [debug] [ThreadPool]: On create_db_dev_marts: Close
[0m11:56:25.455619 [debug] [ThreadPool]: SQL status: COMMIT in 0.000 seconds
[0m11:56:25.455781 [debug] [ThreadPool]: On create_db_dev_staging: Close
[0m11:56:25.456540 [debug] [ThreadPool]: Re-using an available connection from the pool (formerly create_db_dev_marts, now list_db_dev_staging)
[0m11:56:25.458517 [debug] [ThreadPool]: Using postgres connection "list_db_dev_staging"
[0m11:56:25.458723 [debug] [ThreadPool]: Re-using an available connection from the pool (formerly create_db_dev_staging, now list_db_dev_marts)
[0m11:56:25.458867 [debug] [ThreadPool]: On list_db_dev_staging: BEGIN
[0m11:56:25.459291 [debug] [ThreadPool]: Using postgres connection "list_db_dev_marts"
[0m11:56:25.459441 [debug] [ThreadPool]: Opening a new connection, currently in state closed
[0m11:56:25.459573 [debug] [ThreadPool]: On list_db_dev_marts: BEGIN
[0m11:56:25.459795 [debug] [ThreadPool]: Opening a new connection, currently in state closed
[0m11:56:25.462967 [debug] [ThreadPool]: SQL status: BEGIN in 0.004 seconds
[0m11:56:25.463103 [debug] [ThreadPool]: SQL status: BEGIN in 0.003 seconds
[0m11:56:25.463227 [debug] [ThreadPool]: Using postgres connection "list_db_dev_staging"
[0m11:56:25.463376 [debug] [ThreadPool]: Using postgres connection "list_db_dev_marts"
[0m11:56:25.463530 [debug] [ThreadPool]: On list_db_dev_staging: /* {"app": "dbt", "dbt_version": "1.12.5", "profile_name": "weather", "target_name": "dev", "connection_name": "list_db_dev_staging"} */
select
      'db' as database,
      tablename as name,
      schemaname as schema,
      'table' as type
    from pg_tables
    where schemaname ilike 'dev_staging'
    union all
    select
      'db' as database,
      viewname as name,
      schemaname as schema,
      'view' as type
    from pg_views
    where schemaname ilike 'dev_staging'
    union all
    select
      'db' as database,
      matviewname as name,
      schemaname as schema,
      'materialized_view' as type
    from pg_matviews
    where schemaname ilike 'dev_staging'
  
[0m11:56:25.463677 [debug] [ThreadPool]: On list_db_dev_marts: /* {"app": "dbt", "dbt_version": "1.12.5", "profile_name": "weather", "target_name": "dev", "connection_name": "list_db_dev_marts"} */
select
      'db' as database,
      tablename as name,
      schemaname as schema,
      'table' as type
    from pg_tables
    where schemaname ilike 'dev_marts'
    union all
    select
      'db' as database,
      viewname as name,
      schemaname as schema,
      'view' as type
    from pg_views
    where schemaname ilike 'dev_marts'
    union all
    select
      'db' as database,
      matviewname as name,
      schemaname as schema,
      'materialized_view' as type
    from pg_matviews
    where schemaname ilike 'dev_marts'
  
[0m11:56:25.465552 [debug] [ThreadPool]: SQL status: SELECT 0 in 0.002 seconds
[0m11:56:25.465664 [debug] [ThreadPool]: SQL status: SELECT 0 in 0.002 seconds
[0m11:56:25.466079 [debug] [ThreadPool]: On list_db_dev_staging: ROLLBACK
[0m11:56:25.466507 [debug] [ThreadPool]: On list_db_dev_marts: ROLLBACK
[0m11:56:25.466714 [debug] [ThreadPool]: On list_db_dev_staging: Close
[0m11:56:25.466856 [debug] [ThreadPool]: On list_db_dev_marts: Close
[0m11:56:25.468457 [debug] [MainThread]: Using postgres connection "master"
[0m11:56:25.468599 [debug] [MainThread]: On master: BEGIN
[0m11:56:25.468722 [debug] [MainThread]: Opening a new connection, currently in state init
[0m11:56:25.471523 [debug] [MainThread]: SQL status: BEGIN in 0.003 seconds
[0m11:56:25.471656 [debug] [MainThread]: Using postgres connection "master"
[0m11:56:25.471808 [debug] [MainThread]: On master: /* {"app": "dbt", "dbt_version": "1.12.5", "profile_name": "weather", "target_name": "dev", "connection_name": "master"} */
select distinct
        dependent_namespace.nspname as dependent_schema,
        dependent_class.relname as dependent_name,
        referenced_namespace.nspname as referenced_schema,
        referenced_class.relname as referenced_name

    -- Query for views: views are entries in pg_class with an entry in pg_rewrite, but we avoid
    -- a seq scan on pg_rewrite by leveraging the fact there is an "internal" row in pg_depend for
    -- the view...
    from pg_class as dependent_class
    join pg_namespace as dependent_namespace on dependent_namespace.oid = dependent_class.relnamespace
    join pg_depend as dependent_depend on dependent_depend.refobjid = dependent_class.oid
        and dependent_depend.classid = 'pg_rewrite'::regclass
        and dependent_depend.refclassid = 'pg_class'::regclass
        and dependent_depend.deptype = 'i'

    -- ... and via pg_depend (that has a row per column, hence the need for "distinct" above, and
    -- making sure to exclude the internal row to avoid a view appearing to depend on itself)...
    join pg_depend as joining_depend on joining_depend.objid = dependent_depend.objid
        and joining_depend.classid = 'pg_rewrite'::regclass
        and joining_depend.refclassid = 'pg_class'::regclass
        and joining_depend.refobjid != dependent_depend.refobjid

    -- ... we can find the tables they query from in pg_class, but excluding system tables. Note we
    -- don't need need to exclude _dependent_ system tables, because they only query from other
    -- system tables, and so are automatically excluded by excluding _referenced_ system tables
    join pg_class as referenced_class on referenced_class.oid = joining_depend.refobjid
    join pg_namespace as referenced_namespace on referenced_namespace.oid = referenced_class.relnamespace
        and referenced_namespace.nspname != 'information_schema'
        and referenced_namespace.nspname not like 'pg\_%'

    order by
        dependent_schema, dependent_name, referenced_schema, referenced_name;
[0m11:56:25.473407 [debug] [MainThread]: SQL status: SELECT 0 in 0.001 seconds
[0m11:56:25.473846 [debug] [MainThread]: Sending event: {'category': 'dbt', 'action': 'runnable_timing', 'label': '882f783f-c708-4cb9-8947-938d287988f1', 'context': [<snowplow_tracker.self_describing_json.SelfDescribingJson object at 0xffff78aad390>]}
[0m11:56:25.474051 [debug] [MainThread]: On master: ROLLBACK
[0m11:56:25.474225 [debug] [MainThread]: Using postgres connection "master"
[0m11:56:25.474352 [debug] [MainThread]: On master: BEGIN
[0m11:56:25.474577 [debug] [MainThread]: SQL status: BEGIN in 0.000 seconds
[0m11:56:25.474703 [debug] [MainThread]: On master: COMMIT
[0m11:56:25.474808 [debug] [MainThread]: Using postgres connection "master"
[0m11:56:25.474910 [debug] [MainThread]: On master: COMMIT
[0m11:56:25.475055 [debug] [MainThread]: SQL status: COMMIT in 0.000 seconds
[0m11:56:25.475172 [debug] [MainThread]: On master: Close
[0m11:56:25.477478 [debug] [Thread-1 (]: Began running node model.weather.stg_weather
[0m11:56:25.477723 [info ] [Thread-1 (]: 1 of 3 START sql view model dev_staging.stg_weather ............................ [RUN]
[0m11:56:25.477937 [debug] [Thread-1 (]: Re-using an available connection from the pool (formerly list_db_dev_marts, now model.weather.stg_weather)
[0m11:56:25.478115 [debug] [Thread-1 (]: Began compiling node model.weather.stg_weather
[0m11:56:25.480910 [debug] [Thread-1 (]: Writing injected SQL for node "model.weather.stg_weather"
[0m11:56:25.481957 [debug] [Thread-1 (]: Began executing node model.weather.stg_weather
[0m11:56:25.495463 [debug] [Thread-1 (]: Writing runtime sql for node "model.weather.stg_weather"
[0m11:56:25.496299 [debug] [Thread-1 (]: Using postgres connection "model.weather.stg_weather"
[0m11:56:25.496465 [debug] [Thread-1 (]: On model.weather.stg_weather: BEGIN
[0m11:56:25.496607 [debug] [Thread-1 (]: Opening a new connection, currently in state closed
[0m11:56:25.499539 [debug] [Thread-1 (]: SQL status: BEGIN in 0.003 seconds
[0m11:56:25.499699 [debug] [Thread-1 (]: Using postgres connection "model.weather.stg_weather"
[0m11:56:25.499888 [debug] [Thread-1 (]: On model.weather.stg_weather: /* {"app": "dbt", "dbt_version": "1.12.5", "profile_name": "weather", "target_name": "dev", "node_id": "model.weather.stg_weather"} */

  create view "db"."dev_staging"."stg_weather__dbt_tmp"
    
    
  as (
    -- Staging: type-cast and clean the raw payload. No business logic here —
-- this model exists so the marts never read from the raw table directly,
-- which means a change to the source shape is absorbed in one place.

with source as (
    select * from "db"."dev"."raw_weather_data"
),

cleaned as (
    select
        id                                        as observation_id,
        trim(city)                                as city,
        temperature::numeric                      as temperature_c,
        trim(weather_descriptions)                as weather_description,
        wind_speed::numeric                       as wind_speed_kmh,
        time::timestamp                           as observed_at,
        inserted_at::timestamp                    as loaded_at,
        trim(utc_offset)                          as utc_offset
    from source
    where city is not null
      and temperature is not null
)

select * from cleaned
  );
[0m11:56:25.501209 [debug] [Thread-1 (]: SQL status: CREATE VIEW in 0.001 seconds
[0m11:56:25.503610 [debug] [Thread-1 (]: Using postgres connection "model.weather.stg_weather"
[0m11:56:25.503772 [debug] [Thread-1 (]: On model.weather.stg_weather: /* {"app": "dbt", "dbt_version": "1.12.5", "profile_name": "weather", "target_name": "dev", "node_id": "model.weather.stg_weather"} */
alter table "db"."dev_staging"."stg_weather__dbt_tmp" rename to "stg_weather"
[0m11:56:25.504027 [debug] [Thread-1 (]: SQL status: ALTER TABLE in 0.000 seconds
[0m11:56:25.510591 [debug] [Thread-1 (]: On model.weather.stg_weather: COMMIT
[0m11:56:25.510765 [debug] [Thread-1 (]: Using postgres connection "model.weather.stg_weather"
[0m11:56:25.510905 [debug] [Thread-1 (]: On model.weather.stg_weather: COMMIT
[0m11:56:25.511397 [debug] [Thread-1 (]: SQL status: COMMIT in 0.000 seconds
[0m11:56:25.513388 [debug] [Thread-1 (]: Applying DROP to: "db"."dev_staging"."stg_weather__dbt_backup"
[0m11:56:25.514954 [debug] [Thread-1 (]: Using postgres connection "model.weather.stg_weather"
[0m11:56:25.515109 [debug] [Thread-1 (]: On model.weather.stg_weather: /* {"app": "dbt", "dbt_version": "1.12.5", "profile_name": "weather", "target_name": "dev", "node_id": "model.weather.stg_weather"} */
drop view if exists "db"."dev_staging"."stg_weather__dbt_backup" cascade
[0m11:56:25.515622 [debug] [Thread-1 (]: SQL status: DROP VIEW in 0.000 seconds
[0m11:56:25.516573 [debug] [Thread-1 (]: On model.weather.stg_weather: Close
[0m11:56:25.517291 [debug] [Thread-1 (]: Sending event: {'category': 'dbt', 'action': 'run_model', 'label': '882f783f-c708-4cb9-8947-938d287988f1', 'context': [<snowplow_tracker.self_describing_json.SelfDescribingJson object at 0xffff7c804cd0>]}
[0m11:56:25.517567 [info ] [Thread-1 (]: 1 of 3 OK created sql view model dev_staging.stg_weather ....................... [[32mCREATE VIEW[0m in 0.04s]
[0m11:56:25.517827 [debug] [Thread-1 (]: Finished running node model.weather.stg_weather
[0m11:56:25.518279 [debug] [Thread-2 (]: Began running node model.weather.dim_location
[0m11:56:25.518462 [debug] [Thread-3 (]: Began running node model.weather.fct_weather_observation
[0m11:56:25.518674 [info ] [Thread-2 (]: 2 of 3 START sql table model dev_marts.dim_location ............................ [RUN]
[0m11:56:25.518910 [info ] [Thread-3 (]: 3 of 3 START sql table model dev_marts.fct_weather_observation ................. [RUN]
[0m11:56:25.519384 [debug] [Thread-3 (]: Acquiring new postgres connection 'model.weather.fct_weather_observation'
[0m11:56:25.519146 [debug] [Thread-2 (]: Re-using an available connection from the pool (formerly list_db_dev_staging, now model.weather.dim_location)
[0m11:56:25.519728 [debug] [Thread-2 (]: Began compiling node model.weather.dim_location
[0m11:56:25.519558 [debug] [Thread-3 (]: Began compiling node model.weather.fct_weather_observation
[0m11:56:25.520453 [debug] [Thread-2 (]: Writing injected SQL for node "model.weather.dim_location"
[0m11:56:25.521148 [debug] [Thread-3 (]: Writing injected SQL for node "model.weather.fct_weather_observation"
[0m11:56:25.521837 [debug] [Thread-2 (]: Began executing node model.weather.dim_location
[0m11:56:25.522006 [debug] [Thread-3 (]: Began executing node model.weather.fct_weather_observation
[0m11:56:25.531465 [debug] [Thread-3 (]: Writing runtime sql for node "model.weather.fct_weather_observation"
[0m11:56:25.530488 [debug] [Thread-2 (]: Writing runtime sql for node "model.weather.dim_location"
[0m11:56:25.532121 [debug] [Thread-3 (]: Using postgres connection "model.weather.fct_weather_observation"
[0m11:56:25.532290 [debug] [Thread-2 (]: Using postgres connection "model.weather.dim_location"
[0m11:56:25.532420 [debug] [Thread-3 (]: On model.weather.fct_weather_observation: BEGIN
[0m11:56:25.532580 [debug] [Thread-2 (]: On model.weather.dim_location: BEGIN
[0m11:56:25.532987 [debug] [Thread-2 (]: Opening a new connection, currently in state closed
[0m11:56:25.532810 [debug] [Thread-3 (]: Opening a new connection, currently in state init
[0m11:56:25.537392 [debug] [Thread-2 (]: SQL status: BEGIN in 0.004 seconds
[0m11:56:25.537660 [debug] [Thread-2 (]: Using postgres connection "model.weather.dim_location"
[0m11:56:25.537963 [debug] [Thread-2 (]: On model.weather.dim_location: /* {"app": "dbt", "dbt_version": "1.12.5", "profile_name": "weather", "target_name": "dev", "node_id": "model.weather.dim_location"} */

  
    

  create  table "db"."dev_marts"."dim_location__dbt_tmp"
  
  
    as
  
  (
    -- Location dimension. One row per city observed, keyed by an md5 surrogate
-- over the normalised city name so the fact table never carries the raw string.

with locations as (
    select distinct
        city,
        utc_offset
    from "db"."dev_staging"."stg_weather"
)

select
    md5(lower(trim(city))) as location_key,
    city,
    utc_offset
from locations
  );
  
[0m11:56:25.537791 [debug] [Thread-3 (]: SQL status: BEGIN in 0.005 seconds
[0m11:56:25.538175 [debug] [Thread-3 (]: Using postgres connection "model.weather.fct_weather_observation"
[0m11:56:25.538331 [debug] [Thread-3 (]: On model.weather.fct_weather_observation: /* {"app": "dbt", "dbt_version": "1.12.5", "profile_name": "weather", "target_name": "dev", "node_id": "model.weather.fct_weather_observation"} */

  
    

  create  table "db"."dev_marts"."fct_weather_observation__dbt_tmp"
  
  
    as
  
  (
    -- Observation fact. Grain: one row per weather reading.
-- Joins to dim_location on the surrogate key rather than carrying the city
-- string, so a rename in the source does not fan out across the mart.

with observations as (
    select * from "db"."dev_staging"."stg_weather"
)

select
    o.observation_id,
    md5(lower(trim(o.city)))                       as location_key,
    o.observed_at,
    o.loaded_at,
    o.temperature_c,
    round(o.temperature_c * 9.0 / 5.0 + 32, 1)     as temperature_f,
    o.wind_speed_kmh,
    round(o.wind_speed_kmh * 0.621371, 1)          as wind_speed_mph,
    o.weather_description,
    date_trunc('hour', o.observed_at)              as observed_hour,
    o.observed_at::date                            as observed_date
from observations o
  );
  
[0m11:56:25.541913 [debug] [Thread-2 (]: SQL status: SELECT 1 in 0.004 seconds
[0m11:56:25.542058 [debug] [Thread-3 (]: SQL status: SELECT 2 in 0.004 seconds
[0m11:56:25.544533 [debug] [Thread-2 (]: Using postgres connection "model.weather.dim_location"
[0m11:56:25.545476 [debug] [Thread-2 (]: On model.weather.dim_location: /* {"app": "dbt", "dbt_version": "1.12.5", "profile_name": "weather", "target_name": "dev", "node_id": "model.weather.dim_location"} */
alter table "db"."dev_marts"."dim_location__dbt_tmp" rename to "dim_location"
[0m11:56:25.545316 [debug] [Thread-3 (]: Using postgres connection "model.weather.fct_weather_observation"
[0m11:56:25.545660 [debug] [Thread-3 (]: On model.weather.fct_weather_observation: /* {"app": "dbt", "dbt_version": "1.12.5", "profile_name": "weather", "target_name": "dev", "node_id": "model.weather.fct_weather_observation"} */
alter table "db"."dev_marts"."fct_weather_observation__dbt_tmp" rename to "fct_weather_observation"
[0m11:56:25.545809 [debug] [Thread-2 (]: SQL status: ALTER TABLE in 0.000 seconds
[0m11:56:25.546648 [debug] [Thread-2 (]: On model.weather.dim_location: COMMIT
[0m11:56:25.546763 [debug] [Thread-3 (]: SQL status: ALTER TABLE in 0.001 seconds
[0m11:56:25.546924 [debug] [Thread-2 (]: Using postgres connection "model.weather.dim_location"
[0m11:56:25.547690 [debug] [Thread-2 (]: On model.weather.dim_location: COMMIT
[0m11:56:25.547529 [debug] [Thread-3 (]: On model.weather.fct_weather_observation: COMMIT
[0m11:56:25.547851 [debug] [Thread-3 (]: Using postgres connection "model.weather.fct_weather_observation"
[0m11:56:25.547999 [debug] [Thread-3 (]: On model.weather.fct_weather_observation: COMMIT
[0m11:56:25.548225 [debug] [Thread-2 (]: SQL status: COMMIT in 0.000 seconds
[0m11:56:25.548847 [debug] [Thread-2 (]: Applying DROP to: "db"."dev_marts"."dim_location__dbt_backup"
[0m11:56:25.548362 [debug] [Thread-3 (]: SQL status: COMMIT in 0.000 seconds
[0m11:56:25.549807 [debug] [Thread-2 (]: Using postgres connection "model.weather.dim_location"
[0m11:56:25.550506 [debug] [Thread-2 (]: On model.weather.dim_location: /* {"app": "dbt", "dbt_version": "1.12.5", "profile_name": "weather", "target_name": "dev", "node_id": "model.weather.dim_location"} */
drop table if exists "db"."dev_marts"."dim_location__dbt_backup" cascade
[0m11:56:25.550352 [debug] [Thread-3 (]: Applying DROP to: "db"."dev_marts"."fct_weather_observation__dbt_backup"
[0m11:56:25.550770 [debug] [Thread-3 (]: Using postgres connection "model.weather.fct_weather_observation"
[0m11:56:25.550915 [debug] [Thread-2 (]: SQL status: DROP TABLE in 0.000 seconds
[0m11:56:25.551031 [debug] [Thread-3 (]: On model.weather.fct_weather_observation: /* {"app": "dbt", "dbt_version": "1.12.5", "profile_name": "weather", "target_name": "dev", "node_id": "model.weather.fct_weather_observation"} */
drop table if exists "db"."dev_marts"."fct_weather_observation__dbt_backup" cascade
[0m11:56:25.551569 [debug] [Thread-2 (]: On model.weather.dim_location: Close
[0m11:56:25.551915 [debug] [Thread-2 (]: Sending event: {'category': 'dbt', 'action': 'run_model', 'label': '882f783f-c708-4cb9-8947-938d287988f1', 'context': [<snowplow_tracker.self_describing_json.SelfDescribingJson object at 0xffff4f715fd0>]}
[0m11:56:25.552075 [debug] [Thread-3 (]: SQL status: DROP TABLE in 0.000 seconds
[0m11:56:25.552811 [debug] [Thread-3 (]: On model.weather.fct_weather_observation: Close
[0m11:56:25.552334 [info ] [Thread-2 (]: 2 of 3 OK created sql table model dev_marts.dim_location ....................... [[32mSELECT 1[0m in 0.03s]
[0m11:56:25.553112 [debug] [Thread-2 (]: Finished running node model.weather.dim_location
[0m11:56:25.553347 [debug] [Thread-3 (]: Sending event: {'category': 'dbt', 'action': 'run_model', 'label': '882f783f-c708-4cb9-8947-938d287988f1', 'context': [<snowplow_tracker.self_describing_json.SelfDescribingJson object at 0xffff78af1e10>]}
[0m11:56:25.553660 [info ] [Thread-3 (]: 3 of 3 OK created sql table model dev_marts.fct_weather_observation ............ [[32mSELECT 2[0m in 0.03s]
[0m11:56:25.553939 [debug] [Thread-3 (]: Finished running node model.weather.fct_weather_observation
[0m11:56:25.554563 [debug] [MainThread]: Using postgres connection "master"
[0m11:56:25.554711 [debug] [MainThread]: On master: BEGIN
[0m11:56:25.554851 [debug] [MainThread]: Opening a new connection, currently in state closed
[0m11:56:25.557871 [debug] [MainThread]: SQL status: BEGIN in 0.003 seconds
[0m11:56:25.558009 [debug] [MainThread]: On master: COMMIT
[0m11:56:25.558130 [debug] [MainThread]: Using postgres connection "master"
[0m11:56:25.558257 [debug] [MainThread]: On master: COMMIT
[0m11:56:25.558405 [debug] [MainThread]: SQL status: COMMIT in 0.000 seconds
[0m11:56:25.558563 [debug] [MainThread]: On master: Close
[0m11:56:25.558735 [debug] [MainThread]: Connection 'master' was properly closed.
[0m11:56:25.558857 [debug] [MainThread]: Connection 'model.weather.dim_location' was properly closed.
[0m11:56:25.558963 [debug] [MainThread]: Connection 'model.weather.stg_weather' was properly closed.
[0m11:56:25.559069 [debug] [MainThread]: Connection 'model.weather.fct_weather_observation' was properly closed.
[0m11:56:25.559248 [info ] [MainThread]: 
[0m11:56:25.559429 [info ] [MainThread]: Finished running 2 table models, 1 view model in 0 hours 0 minutes and 0.14 seconds (0.14s).
[0m11:56:25.559844 [debug] [MainThread]: Command end result
[0m11:56:25.577957 [debug] [MainThread]: Wrote artifact WritableManifest to /opt/airflow/project/dbt/weather/target/manifest.json
[0m11:56:25.579265 [debug] [MainThread]: Wrote artifact SemanticManifest to /opt/airflow/project/dbt/weather/target/semantic_manifest.json
[0m11:56:25.580411 [debug] [MainThread]: Wrote artifact OsiDocument to /opt/airflow/project/dbt/weather/target/osi_document.json
[0m11:56:25.583399 [debug] [MainThread]: Wrote artifact RunExecutionResult to /opt/airflow/project/dbt/weather/target/run_results.json
[0m11:56:25.583541 [info ] [MainThread]: 
[0m11:56:25.583695 [info ] [MainThread]: [32mCompleted successfully[0m
[0m11:56:25.583839 [info ] [MainThread]: 
[0m11:56:25.583985 [info ] [MainThread]: Done. PASS=3 WARN=0 ERROR=0 SKIP=0 NO-OP=0 REUSED=0 TOTAL=3
[0m11:56:25.584224 [warn ] [MainThread]: [[33mWARNING[0m][DeprecationsSummary]: Deprecated functionality
Summary of encountered deprecations:
- MissingArgumentsPropertyInGenericTestDeprecation: 2 occurrences
To see all deprecation instances instead of just the first occurrence of each,
run command again with the `--show-all-deprecations` flag. You may also need to
run with `--no-partial-parse` as some deprecations are only encountered during
parsing.
[0m11:56:25.584709 [debug] [MainThread]: Resource report: {"command_name": "run", "command_success": true, "command_wall_clock_time": 1.0649632, "process_in_blocks": "5048", "process_kernel_time": 0.185858, "process_mem_max_rss": "158152", "process_out_blocks": "4585", "process_user_time": 1.532322}
[0m11:56:25.584910 [debug] [MainThread]: Command `dbt run` succeeded at 11:56:25.584874 after 1.07 seconds
[0m11:56:25.585073 [debug] [MainThread]: Sending event: {'category': 'dbt', 'action': 'invocation', 'label': 'end', 'context': [<snowplow_tracker.self_describing_json.SelfDescribingJson object at 0xffff78ab2ff0>, <snowplow_tracker.self_describing_json.SelfDescribingJson object at 0xffff78b65790>, <snowplow_tracker.self_describing_json.SelfDescribingJson object at 0xffff4f7b7d10>]}
[0m11:56:25.585219 [debug] [MainThread]: Flushing usage events
[0m11:56:25.902621 [debug] [MainThread]: An error was encountered while trying to flush usage events
[0m11:56:27.743967 [debug] [MainThread]: Sending event: {'category': 'dbt', 'action': 'invocation', 'label': 'start', 'context': [<snowplow_tracker.self_describing_json.SelfDescribingJson object at 0xffff7bcecd70>, <snowplow_tracker.self_describing_json.SelfDescribingJson object at 0xffff7a927ed0>, <snowplow_tracker.self_describing_json.SelfDescribingJson object at 0xffff7a927b10>]}


============================== 11:56:27.745505 | d02fe0d3-ee73-4ee1-9bdb-0e0546b9b95d ==============================
[0m11:56:27.745505 [info ] [MainThread]: Running with dbt=1.12.5
[0m11:56:27.745761 [debug] [MainThread]: running dbt with arguments {'printer_width': '80', 'introspect': 'True', 'cache_selected_only': 'False', 'use_experimental_parser': 'False', 'warn_error_options': 'WarnErrorOptionsV2(error=[], warn=[], silence=[])', 'static_parser': 'True', 'log_path': '/opt/airflow/project/dbt/weather/logs', 'invocation_command': 'dbt test --profiles-dir .', 'profiles_dir': '.', 'partial_parse': 'True', 'fail_fast': 'False', 'log_format': 'default', 'write_json': 'True', 'use_colors': 'True', 'target_path': 'None', 'maximum_seed_size_mib': '1', 'indirect_selection': 'eager', 'no_print': 'None', 'quiet': 'False', 'version_check': 'True', 'hints_enabled': 'True', 'send_anonymous_usage_stats': 'True', 'log_cache_events': 'False', 'warn_error': 'None', 'empty': 'None', 'debug': 'False'}
[0m11:56:27.855487 [debug] [MainThread]: Sending event: {'category': 'dbt', 'action': 'project_id', 'label': 'd02fe0d3-ee73-4ee1-9bdb-0e0546b9b95d', 'context': [<snowplow_tracker.self_describing_json.SelfDescribingJson object at 0xffff7b938fc0>]}
[0m11:56:27.880244 [debug] [MainThread]: Sending event: {'category': 'dbt', 'action': 'adapter_info', 'label': 'd02fe0d3-ee73-4ee1-9bdb-0e0546b9b95d', 'context': [<snowplow_tracker.self_describing_json.SelfDescribingJson object at 0xffff7c6d97b0>]}
[0m11:56:27.880777 [info ] [MainThread]: Registered adapter: postgres=1.9.1
[0m11:56:27.907115 [debug] [MainThread]: checksum: afd20fbb4d06d62f3d6b74dcf1323d861272964b952c4e208b6d9abde9858694, vars: {}, profile: weather, target: dev, version: 1.12.5
[0m11:56:27.965393 [debug] [MainThread]: Partial parsing enabled: 0 files deleted, 0 files added, 0 files changed.
[0m11:56:27.965603 [debug] [MainThread]: Nothing changed, skipping partial parsing.
[0m11:56:27.965767 [debug] [MainThread]: Partial parsing enabled, no changes found, skipping parsing
[0m11:56:27.969686 [debug] [MainThread]: Sending event: {'category': 'dbt', 'action': 'load_project', 'label': 'd02fe0d3-ee73-4ee1-9bdb-0e0546b9b95d', 'context': [<snowplow_tracker.self_describing_json.SelfDescribingJson object at 0xffff79879250>]}
[0m11:56:28.065459 [debug] [MainThread]: Wrote artifact WritableManifest to /opt/airflow/project/dbt/weather/target/manifest.json
[0m11:56:28.066917 [debug] [MainThread]: Wrote artifact SemanticManifest to /opt/airflow/project/dbt/weather/target/semantic_manifest.json
[0m11:56:28.072524 [debug] [MainThread]: Wrote artifact OsiDocument to /opt/airflow/project/dbt/weather/target/osi_document.json
[0m11:56:28.081660 [debug] [MainThread]: Sending event: {'category': 'dbt', 'action': 'resource_counts', 'label': 'd02fe0d3-ee73-4ee1-9bdb-0e0546b9b95d', 'context': [<snowplow_tracker.self_describing_json.SelfDescribingJson object at 0xffff792bbb60>]}
[0m11:56:28.081884 [info ] [MainThread]: Found 3 models, 16 data tests, 1 source, 476 macros
[0m11:56:28.082079 [debug] [MainThread]: Sending event: {'category': 'dbt', 'action': 'runnable_timing', 'label': 'd02fe0d3-ee73-4ee1-9bdb-0e0546b9b95d', 'context': [<snowplow_tracker.self_describing_json.SelfDescribingJson object at 0xffff792c2dd0>]}
[0m11:56:28.083291 [info ] [MainThread]: 
[0m11:56:28.083451 [info ] [MainThread]: Concurrency: 4 threads (target='dev')
[0m11:56:28.083585 [info ] [MainThread]: 
[0m11:56:28.083841 [debug] [MainThread]: Acquiring new postgres connection 'master'
[0m11:56:28.085692 [debug] [ThreadPool]: Acquiring new postgres connection 'list_db_dev_marts'
[0m11:56:28.090533 [debug] [ThreadPool]: Acquiring new postgres connection 'list_db_dev_staging'
[0m11:56:28.100684 [debug] [ThreadPool]: Using postgres connection "list_db_dev_marts"
[0m11:56:28.100894 [debug] [ThreadPool]: Using postgres connection "list_db_dev_staging"
[0m11:56:28.101019 [debug] [ThreadPool]: On list_db_dev_marts: BEGIN
[0m11:56:28.101205 [debug] [ThreadPool]: On list_db_dev_staging: BEGIN
[0m11:56:28.101376 [debug] [ThreadPool]: Opening a new connection, currently in state init
[0m11:56:28.101528 [debug] [ThreadPool]: Opening a new connection, currently in state init
[0m11:56:28.107157 [debug] [ThreadPool]: SQL status: BEGIN in 0.006 seconds
[0m11:56:28.107376 [debug] [ThreadPool]: Using postgres connection "list_db_dev_staging"
[0m11:56:28.107559 [debug] [ThreadPool]: On list_db_dev_staging: /* {"app": "dbt", "dbt_version": "1.12.5", "profile_name": "weather", "target_name": "dev", "connection_name": "list_db_dev_staging"} */
select
      'db' as database,
      tablename as name,
      schemaname as schema,
      'table' as type
    from pg_tables
    where schemaname ilike 'dev_staging'
    union all
    select
      'db' as database,
      viewname as name,
      schemaname as schema,
      'view' as type
    from pg_views
    where schemaname ilike 'dev_staging'
    union all
    select
      'db' as database,
      matviewname as name,
      schemaname as schema,
      'materialized_view' as type
    from pg_matviews
    where schemaname ilike 'dev_staging'
  
[0m11:56:28.107743 [debug] [ThreadPool]: SQL status: BEGIN in 0.006 seconds
[0m11:56:28.107965 [debug] [ThreadPool]: Using postgres connection "list_db_dev_marts"
[0m11:56:28.108158 [debug] [ThreadPool]: On list_db_dev_marts: /* {"app": "dbt", "dbt_version": "1.12.5", "profile_name": "weather", "target_name": "dev", "connection_name": "list_db_dev_marts"} */
select
      'db' as database,
      tablename as name,
      schemaname as schema,
      'table' as type
    from pg_tables
    where schemaname ilike 'dev_marts'
    union all
    select
      'db' as database,
      viewname as name,
      schemaname as schema,
      'view' as type
    from pg_views
    where schemaname ilike 'dev_marts'
    union all
    select
      'db' as database,
      matviewname as name,
      schemaname as schema,
      'materialized_view' as type
    from pg_matviews
    where schemaname ilike 'dev_marts'
  
[0m11:56:28.108949 [debug] [ThreadPool]: SQL status: SELECT 1 in 0.001 seconds
[0m11:56:28.109542 [debug] [ThreadPool]: On list_db_dev_staging: ROLLBACK
[0m11:56:28.109685 [debug] [ThreadPool]: SQL status: SELECT 2 in 0.001 seconds
[0m11:56:28.110239 [debug] [ThreadPool]: On list_db_dev_marts: ROLLBACK
[0m11:56:28.110375 [debug] [ThreadPool]: On list_db_dev_staging: Close
[0m11:56:28.110671 [debug] [ThreadPool]: On list_db_dev_marts: Close
[0m11:56:28.112450 [debug] [MainThread]: Using postgres connection "master"
[0m11:56:28.112598 [debug] [MainThread]: On master: BEGIN
[0m11:56:28.112739 [debug] [MainThread]: Opening a new connection, currently in state init
[0m11:56:28.116278 [debug] [MainThread]: SQL status: BEGIN in 0.004 seconds
[0m11:56:28.116540 [debug] [MainThread]: Using postgres connection "master"
[0m11:56:28.116890 [debug] [MainThread]: On master: /* {"app": "dbt", "dbt_version": "1.12.5", "profile_name": "weather", "target_name": "dev", "connection_name": "master"} */
select distinct
        dependent_namespace.nspname as dependent_schema,
        dependent_class.relname as dependent_name,
        referenced_namespace.nspname as referenced_schema,
        referenced_class.relname as referenced_name

    -- Query for views: views are entries in pg_class with an entry in pg_rewrite, but we avoid
    -- a seq scan on pg_rewrite by leveraging the fact there is an "internal" row in pg_depend for
    -- the view...
    from pg_class as dependent_class
    join pg_namespace as dependent_namespace on dependent_namespace.oid = dependent_class.relnamespace
    join pg_depend as dependent_depend on dependent_depend.refobjid = dependent_class.oid
        and dependent_depend.classid = 'pg_rewrite'::regclass
        and dependent_depend.refclassid = 'pg_class'::regclass
        and dependent_depend.deptype = 'i'

    -- ... and via pg_depend (that has a row per column, hence the need for "distinct" above, and
    -- making sure to exclude the internal row to avoid a view appearing to depend on itself)...
    join pg_depend as joining_depend on joining_depend.objid = dependent_depend.objid
        and joining_depend.classid = 'pg_rewrite'::regclass
        and joining_depend.refclassid = 'pg_class'::regclass
        and joining_depend.refobjid != dependent_depend.refobjid

    -- ... we can find the tables they query from in pg_class, but excluding system tables. Note we
    -- don't need need to exclude _dependent_ system tables, because they only query from other
    -- system tables, and so are automatically excluded by excluding _referenced_ system tables
    join pg_class as referenced_class on referenced_class.oid = joining_depend.refobjid
    join pg_namespace as referenced_namespace on referenced_namespace.oid = referenced_class.relnamespace
        and referenced_namespace.nspname != 'information_schema'
        and referenced_namespace.nspname not like 'pg\_%'

    order by
        dependent_schema, dependent_name, referenced_schema, referenced_name;
[0m11:56:28.118817 [debug] [MainThread]: SQL status: SELECT 1 in 0.002 seconds
[0m11:56:28.119299 [debug] [MainThread]: Sending event: {'category': 'dbt', 'action': 'runnable_timing', 'label': 'd02fe0d3-ee73-4ee1-9bdb-0e0546b9b95d', 'context': [<snowplow_tracker.self_describing_json.SelfDescribingJson object at 0xffff7809f040>]}
[0m11:56:28.119498 [debug] [MainThread]: On master: ROLLBACK
[0m11:56:28.119675 [debug] [MainThread]: Using postgres connection "master"
[0m11:56:28.119819 [debug] [MainThread]: On master: BEGIN
[0m11:56:28.120147 [debug] [MainThread]: SQL status: BEGIN in 0.000 seconds
[0m11:56:28.120349 [debug] [MainThread]: On master: COMMIT
[0m11:56:28.120535 [debug] [MainThread]: Using postgres connection "master"
[0m11:56:28.120731 [debug] [MainThread]: On master: COMMIT
[0m11:56:28.120897 [debug] [MainThread]: SQL status: COMMIT in 0.000 seconds
[0m11:56:28.121024 [debug] [MainThread]: On master: Close
[0m11:56:28.122615 [debug] [Thread-3 (]: Began running node test.weather.not_null_dim_location_location_key.c1a2c0b86c
[0m11:56:28.122801 [debug] [Thread-1 (]: Began running node test.weather.dbt_utils_accepted_range_fallback_fct_weather_observation_temperature_c__60___90.97bfbc5ec5
[0m11:56:28.122964 [debug] [Thread-4 (]: Began running node test.weather.not_null_fct_weather_observation_location_key.460574f20b
[0m11:56:28.123112 [debug] [Thread-2 (]: Began running node test.weather.not_null_dim_location_city.9914acb951
[0m11:56:28.123282 [info ] [Thread-3 (]: 3 of 16 START test not_null_dim_location_location_key .......................... [RUN]
[0m11:56:28.123562 [info ] [Thread-1 (]: 1 of 16 START test dbt_utils_accepted_range_fallback_fct_weather_observation_temperature_c__60___90  [RUN]
[0m11:56:28.123820 [info ] [Thread-4 (]: 4 of 16 START test not_null_fct_weather_observation_location_key ............... [RUN]
[0m11:56:28.124095 [info ] [Thread-2 (]: 2 of 16 START test not_null_dim_location_city .................................. [RUN]
[0m11:56:28.124420 [debug] [Thread-3 (]: Acquiring new postgres connection 'test.weather.not_null_dim_location_location_key.c1a2c0b86c'
[0m11:56:28.124629 [debug] [Thread-1 (]: Re-using an available connection from the pool (formerly list_db_dev_staging, now test.weather.dbt_utils_accepted_range_fallback_fct_weather_observation_temperature_c__60___90.97bfbc5ec5)
[0m11:56:28.124855 [debug] [Thread-4 (]: Acquiring new postgres connection 'test.weather.not_null_fct_weather_observation_location_key.460574f20b'
[0m11:56:28.125065 [debug] [Thread-2 (]: Re-using an available connection from the pool (formerly list_db_dev_marts, now test.weather.not_null_dim_location_city.9914acb951)
[0m11:56:28.125266 [debug] [Thread-3 (]: Began compiling node test.weather.not_null_dim_location_location_key.c1a2c0b86c
[0m11:56:28.125444 [debug] [Thread-1 (]: Began compiling node test.weather.dbt_utils_accepted_range_fallback_fct_weather_observation_temperature_c__60___90.97bfbc5ec5
[0m11:56:28.125614 [debug] [Thread-4 (]: Began compiling node test.weather.not_null_fct_weather_observation_location_key.460574f20b
[0m11:56:28.125786 [debug] [Thread-2 (]: Began compiling node test.weather.not_null_dim_location_city.9914acb951
[0m11:56:28.133774 [debug] [Thread-3 (]: Writing injected SQL for node "test.weather.not_null_dim_location_location_key.c1a2c0b86c"
[0m11:56:28.136799 [debug] [Thread-1 (]: Writing injected SQL for node "test.weather.dbt_utils_accepted_range_fallback_fct_weather_observation_temperature_c__60___90.97bfbc5ec5"
[0m11:56:28.139392 [debug] [Thread-4 (]: Writing injected SQL for node "test.weather.not_null_fct_weather_observation_location_key.460574f20b"
[0m11:56:28.142184 [debug] [Thread-2 (]: Writing injected SQL for node "test.weather.not_null_dim_location_city.9914acb951"
[0m11:56:28.143262 [debug] [Thread-3 (]: Began executing node test.weather.not_null_dim_location_location_key.c1a2c0b86c
[0m11:56:28.151636 [debug] [Thread-3 (]: Writing runtime sql for node "test.weather.not_null_dim_location_location_key.c1a2c0b86c"
[0m11:56:28.151848 [debug] [Thread-1 (]: Began executing node test.weather.dbt_utils_accepted_range_fallback_fct_weather_observation_temperature_c__60___90.97bfbc5ec5
[0m11:56:28.152094 [debug] [Thread-4 (]: Began executing node test.weather.not_null_fct_weather_observation_location_key.460574f20b
[0m11:56:28.152307 [debug] [Thread-2 (]: Began executing node test.weather.not_null_dim_location_city.9914acb951
[0m11:56:28.152886 [debug] [Thread-1 (]: Writing runtime sql for node "test.weather.dbt_utils_accepted_range_fallback_fct_weather_observation_temperature_c__60___90.97bfbc5ec5"
[0m11:56:28.153521 [debug] [Thread-4 (]: Writing runtime sql for node "test.weather.not_null_fct_weather_observation_location_key.460574f20b"
[0m11:56:28.154194 [debug] [Thread-2 (]: Writing runtime sql for node "test.weather.not_null_dim_location_city.9914acb951"
[0m11:56:28.154646 [debug] [Thread-3 (]: Using postgres connection "test.weather.not_null_dim_location_location_key.c1a2c0b86c"
[0m11:56:28.154924 [debug] [Thread-3 (]: On test.weather.not_null_dim_location_location_key.c1a2c0b86c: BEGIN
[0m11:56:28.155116 [debug] [Thread-3 (]: Opening a new connection, currently in state init
[0m11:56:28.155304 [debug] [Thread-4 (]: Using postgres connection "test.weather.not_null_fct_weather_observation_location_key.460574f20b"
[0m11:56:28.155697 [debug] [Thread-1 (]: Using postgres connection "test.weather.dbt_utils_accepted_range_fallback_fct_weather_observation_temperature_c__60___90.97bfbc5ec5"
[0m11:56:28.155962 [debug] [Thread-4 (]: On test.weather.not_null_fct_weather_observation_location_key.460574f20b: BEGIN
[0m11:56:28.156617 [debug] [Thread-4 (]: Opening a new connection, currently in state init
[0m11:56:28.156431 [debug] [Thread-1 (]: On test.weather.dbt_utils_accepted_range_fallback_fct_weather_observation_temperature_c__60___90.97bfbc5ec5: BEGIN
[0m11:56:28.156238 [debug] [Thread-2 (]: Using postgres connection "test.weather.not_null_dim_location_city.9914acb951"
[0m11:56:28.156869 [debug] [Thread-1 (]: Opening a new connection, currently in state closed
[0m11:56:28.157173 [debug] [Thread-2 (]: On test.weather.not_null_dim_location_city.9914acb951: BEGIN
[0m11:56:28.157553 [debug] [Thread-2 (]: Opening a new connection, currently in state closed
[0m11:56:28.159208 [debug] [Thread-3 (]: SQL status: BEGIN in 0.004 seconds
[0m11:56:28.159371 [debug] [Thread-3 (]: Using postgres connection "test.weather.not_null_dim_location_location_key.c1a2c0b86c"
[0m11:56:28.159521 [debug] [Thread-3 (]: On test.weather.not_null_dim_location_location_key.c1a2c0b86c: /* {"app": "dbt", "dbt_version": "1.12.5", "profile_name": "weather", "target_name": "dev", "node_id": "test.weather.not_null_dim_location_location_key.c1a2c0b86c"} */

    
    select
      count(*) as failures,
      count(*) != 0 as should_warn,
      count(*) != 0 as should_error
    from (
      
    
  
    
    



select location_key
from "db"."dev_marts"."dim_location"
where location_key is null



  
  
      
    ) dbt_internal_test
[0m11:56:28.160042 [debug] [Thread-3 (]: SQL status: SELECT 1 in 0.000 seconds
[0m11:56:28.162259 [debug] [Thread-3 (]: On test.weather.not_null_dim_location_location_key.c1a2c0b86c: ROLLBACK
[0m11:56:28.162578 [debug] [Thread-3 (]: On test.weather.not_null_dim_location_location_key.c1a2c0b86c: Close
[0m11:56:28.162759 [debug] [Thread-4 (]: SQL status: BEGIN in 0.006 seconds
[0m11:56:28.162914 [debug] [Thread-2 (]: SQL status: BEGIN in 0.005 seconds
[0m11:56:28.163085 [debug] [Thread-1 (]: SQL status: BEGIN in 0.006 seconds
[0m11:56:28.163222 [debug] [Thread-4 (]: Using postgres connection "test.weather.not_null_fct_weather_observation_location_key.460574f20b"
[0m11:56:28.163464 [info ] [Thread-3 (]: 3 of 16 PASS not_null_dim_location_location_key ................................ [[32mPASS[0m in 0.04s]
[0m11:56:28.163673 [debug] [Thread-2 (]: Using postgres connection "test.weather.not_null_dim_location_city.9914acb951"
[0m11:56:28.163852 [debug] [Thread-1 (]: Using postgres connection "test.weather.dbt_utils_accepted_range_fallback_fct_weather_observation_temperature_c__60___90.97bfbc5ec5"
[0m11:56:28.164700 [debug] [Thread-1 (]: On test.weather.dbt_utils_accepted_range_fallback_fct_weather_observation_temperature_c__60___90.97bfbc5ec5: /* {"app": "dbt", "dbt_version": "1.12.5", "profile_name": "weather", "target_name": "dev", "node_id": "test.weather.dbt_utils_accepted_range_fallback_fct_weather_observation_temperature_c__60___90.97bfbc5ec5"} */

    
    select
      count(*) as failures,
      count(*) != 0 as should_warn,
      count(*) != 0 as should_error
    from (
      
    
  
    select *
    from "db"."dev_marts"."fct_weather_observation"
    where temperature_c < -90
       or temperature_c > 60

  
  
      
    ) dbt_internal_test
[0m11:56:28.164306 [debug] [Thread-3 (]: Finished running node test.weather.not_null_dim_location_location_key.c1a2c0b86c
[0m11:56:28.164525 [debug] [Thread-2 (]: On test.weather.not_null_dim_location_city.9914acb951: /* {"app": "dbt", "dbt_version": "1.12.5", "profile_name": "weather", "target_name": "dev", "node_id": "test.weather.not_null_dim_location_city.9914acb951"} */

    
    select
      count(*) as failures,
      count(*) != 0 as should_warn,
      count(*) != 0 as should_error
    from (
      
    
  
    
    



select city
from "db"."dev_marts"."dim_location"
where city is null



  
  
      
    ) dbt_internal_test
[0m11:56:28.164012 [debug] [Thread-4 (]: On test.weather.not_null_fct_weather_observation_location_key.460574f20b: /* {"app": "dbt", "dbt_version": "1.12.5", "profile_name": "weather", "target_name": "dev", "node_id": "test.weather.not_null_fct_weather_observation_location_key.460574f20b"} */

    
    select
      count(*) as failures,
      count(*) != 0 as should_warn,
      count(*) != 0 as should_error
    from (
      
    
  
    
    



select location_key
from "db"."dev_marts"."fct_weather_observation"
where location_key is null



  
  
      
    ) dbt_internal_test
[0m11:56:28.164951 [debug] [Thread-3 (]: Began running node test.weather.not_null_fct_weather_observation_observation_id.d4d626336e
[0m11:56:28.165348 [debug] [Thread-1 (]: SQL status: SELECT 1 in 0.000 seconds
[0m11:56:28.165603 [info ] [Thread-3 (]: 5 of 16 START test not_null_fct_weather_observation_observation_id ............. [RUN]
[0m11:56:28.166294 [debug] [Thread-1 (]: On test.weather.dbt_utils_accepted_range_fallback_fct_weather_observation_temperature_c__60___90.97bfbc5ec5: ROLLBACK
[0m11:56:28.166466 [debug] [Thread-2 (]: SQL status: SELECT 1 in 0.001 seconds
[0m11:56:28.166634 [debug] [Thread-4 (]: SQL status: SELECT 1 in 0.001 seconds
[0m11:56:28.166812 [debug] [Thread-3 (]: Re-using an available connection from the pool (formerly test.weather.not_null_dim_location_location_key.c1a2c0b86c, now test.weather.not_null_fct_weather_observation_observation_id.d4d626336e)
[0m11:56:28.167456 [debug] [Thread-2 (]: On test.weather.not_null_dim_location_city.9914acb951: ROLLBACK
[0m11:56:28.167621 [debug] [Thread-1 (]: On test.weather.dbt_utils_accepted_range_fallback_fct_weather_observation_temperature_c__60___90.97bfbc5ec5: Close
[0m11:56:28.168101 [debug] [Thread-4 (]: On test.weather.not_null_fct_weather_observation_location_key.460574f20b: ROLLBACK
[0m11:56:28.168292 [debug] [Thread-3 (]: Began compiling node test.weather.not_null_fct_weather_observation_observation_id.d4d626336e
[0m11:56:28.168504 [debug] [Thread-2 (]: On test.weather.not_null_dim_location_city.9914acb951: Close
[0m11:56:28.168788 [info ] [Thread-1 (]: 1 of 16 PASS dbt_utils_accepted_range_fallback_fct_weather_observation_temperature_c__60___90  [[32mPASS[0m in 0.04s]
[0m11:56:28.171803 [debug] [Thread-3 (]: Writing injected SQL for node "test.weather.not_null_fct_weather_observation_observation_id.d4d626336e"
[0m11:56:28.171970 [debug] [Thread-4 (]: On test.weather.not_null_fct_weather_observation_location_key.460574f20b: Close
[0m11:56:28.172271 [info ] [Thread-2 (]: 2 of 16 PASS not_null_dim_location_city ........................................ [[32mPASS[0m in 0.05s]
[0m11:56:28.172543 [debug] [Thread-1 (]: Finished running node test.weather.dbt_utils_accepted_range_fallback_fct_weather_observation_temperature_c__60___90.97bfbc5ec5
[0m11:56:28.173060 [info ] [Thread-4 (]: 4 of 16 PASS not_null_fct_weather_observation_location_key ..................... [[32mPASS[0m in 0.05s]
[0m11:56:28.173322 [debug] [Thread-2 (]: Finished running node test.weather.not_null_dim_location_city.9914acb951
[0m11:56:28.173549 [debug] [Thread-1 (]: Began running node test.weather.not_null_fct_weather_observation_observed_at.de8c4970c5
[0m11:56:28.173842 [debug] [Thread-4 (]: Finished running node test.weather.not_null_fct_weather_observation_location_key.460574f20b
[0m11:56:28.173982 [debug] [Thread-3 (]: Began executing node test.weather.not_null_fct_weather_observation_observation_id.d4d626336e
[0m11:56:28.174198 [debug] [Thread-2 (]: Began running node test.weather.not_null_fct_weather_observation_temperature_c.3bf5f9c541
[0m11:56:28.175457 [info ] [Thread-2 (]: 7 of 16 START test not_null_fct_weather_observation_temperature_c .............. [RUN]
[0m11:56:28.174634 [debug] [Thread-4 (]: Began running node test.weather.not_null_stg_weather_city.c03e0c0127
[0m11:56:28.175257 [debug] [Thread-3 (]: Writing runtime sql for node "test.weather.not_null_fct_weather_observation_observation_id.d4d626336e"
[0m11:56:28.174392 [info ] [Thread-1 (]: 6 of 16 START test not_null_fct_weather_observation_observed_at ................ [RUN]
[0m11:56:28.175659 [debug] [Thread-2 (]: Re-using an available connection from the pool (formerly test.weather.not_null_dim_location_city.9914acb951, now test.weather.not_null_fct_weather_observation_temperature_c.3bf5f9c541)
[0m11:56:28.175840 [info ] [Thread-4 (]: 8 of 16 START test not_null_stg_weather_city ................................... [RUN]
[0m11:56:28.176118 [debug] [Thread-1 (]: Re-using an available connection from the pool (formerly test.weather.dbt_utils_accepted_range_fallback_fct_weather_observation_temperature_c__60___90.97bfbc5ec5, now test.weather.not_null_fct_weather_observation_observed_at.de8c4970c5)
[0m11:56:28.176308 [debug] [Thread-2 (]: Began compiling node test.weather.not_null_fct_weather_observation_temperature_c.3bf5f9c541
[0m11:56:28.179262 [debug] [Thread-2 (]: Writing injected SQL for node "test.weather.not_null_fct_weather_observation_temperature_c.3bf5f9c541"
[0m11:56:28.176717 [debug] [Thread-1 (]: Began compiling node test.weather.not_null_fct_weather_observation_observed_at.de8c4970c5
[0m11:56:28.176884 [debug] [Thread-3 (]: Using postgres connection "test.weather.not_null_fct_weather_observation_observation_id.d4d626336e"
[0m11:56:28.176524 [debug] [Thread-4 (]: Re-using an available connection from the pool (formerly test.weather.not_null_fct_weather_observation_location_key.460574f20b, now test.weather.not_null_stg_weather_city.c03e0c0127)
[0m11:56:28.182145 [debug] [Thread-4 (]: Began compiling node test.weather.not_null_stg_weather_city.c03e0c0127
[0m11:56:28.181849 [debug] [Thread-3 (]: On test.weather.not_null_fct_weather_observation_observation_id.d4d626336e: BEGIN
[0m11:56:28.182020 [debug] [Thread-2 (]: Began executing node test.weather.not_null_fct_weather_observation_temperature_c.3bf5f9c541
[0m11:56:28.181656 [debug] [Thread-1 (]: Writing injected SQL for node "test.weather.not_null_fct_weather_observation_observed_at.de8c4970c5"
[0m11:56:28.184680 [debug] [Thread-4 (]: Writing injected SQL for node "test.weather.not_null_stg_weather_city.c03e0c0127"
[0m11:56:28.184881 [debug] [Thread-3 (]: Opening a new connection, currently in state closed
[0m11:56:28.185541 [debug] [Thread-2 (]: Writing runtime sql for node "test.weather.not_null_fct_weather_observation_temperature_c.3bf5f9c541"
[0m11:56:28.186191 [debug] [Thread-1 (]: Began executing node test.weather.not_null_fct_weather_observation_observed_at.de8c4970c5
[0m11:56:28.186912 [debug] [Thread-1 (]: Writing runtime sql for node "test.weather.not_null_fct_weather_observation_observed_at.de8c4970c5"
[0m11:56:28.187138 [debug] [Thread-2 (]: Using postgres connection "test.weather.not_null_fct_weather_observation_temperature_c.3bf5f9c541"
[0m11:56:28.187328 [debug] [Thread-4 (]: Began executing node test.weather.not_null_stg_weather_city.c03e0c0127
[0m11:56:28.187507 [debug] [Thread-2 (]: On test.weather.not_null_fct_weather_observation_temperature_c.3bf5f9c541: BEGIN
[0m11:56:28.188088 [debug] [Thread-4 (]: Writing runtime sql for node "test.weather.not_null_stg_weather_city.c03e0c0127"
[0m11:56:28.188260 [debug] [Thread-1 (]: Using postgres connection "test.weather.not_null_fct_weather_observation_observed_at.de8c4970c5"
[0m11:56:28.188383 [debug] [Thread-2 (]: Opening a new connection, currently in state closed
[0m11:56:28.188592 [debug] [Thread-1 (]: On test.weather.not_null_fct_weather_observation_observed_at.de8c4970c5: BEGIN
[0m11:56:28.188809 [debug] [Thread-1 (]: Opening a new connection, currently in state closed
[0m11:56:28.189387 [debug] [Thread-4 (]: Using postgres connection "test.weather.not_null_stg_weather_city.c03e0c0127"
[0m11:56:28.189609 [debug] [Thread-4 (]: On test.weather.not_null_stg_weather_city.c03e0c0127: BEGIN
[0m11:56:28.189760 [debug] [Thread-3 (]: SQL status: BEGIN in 0.005 seconds
[0m11:56:28.191673 [debug] [Thread-3 (]: Using postgres connection "test.weather.not_null_fct_weather_observation_observation_id.d4d626336e"
[0m11:56:28.191249 [debug] [Thread-4 (]: Opening a new connection, currently in state closed
[0m11:56:28.191822 [debug] [Thread-3 (]: On test.weather.not_null_fct_weather_observation_observation_id.d4d626336e: /* {"app": "dbt", "dbt_version": "1.12.5", "profile_name": "weather", "target_name": "dev", "node_id": "test.weather.not_null_fct_weather_observation_observation_id.d4d626336e"} */

    
    select
      count(*) as failures,
      count(*) != 0 as should_warn,
      count(*) != 0 as should_error
    from (
      
    
  
    
    



select observation_id
from "db"."dev_marts"."fct_weather_observation"
where observation_id is null



  
  
      
    ) dbt_internal_test
[0m11:56:28.192146 [debug] [Thread-2 (]: SQL status: BEGIN in 0.004 seconds
[0m11:56:28.192390 [debug] [Thread-3 (]: SQL status: SELECT 1 in 0.000 seconds
[0m11:56:28.192542 [debug] [Thread-2 (]: Using postgres connection "test.weather.not_null_fct_weather_observation_temperature_c.3bf5f9c541"
[0m11:56:28.192687 [debug] [Thread-1 (]: SQL status: BEGIN in 0.004 seconds
[0m11:56:28.194727 [debug] [Thread-3 (]: On test.weather.not_null_fct_weather_observation_observation_id.d4d626336e: ROLLBACK
[0m11:56:28.194918 [debug] [Thread-2 (]: On test.weather.not_null_fct_weather_observation_temperature_c.3bf5f9c541: /* {"app": "dbt", "dbt_version": "1.12.5", "profile_name": "weather", "target_name": "dev", "node_id": "test.weather.not_null_fct_weather_observation_temperature_c.3bf5f9c541"} */

    
    select
      count(*) as failures,
      count(*) != 0 as should_warn,
      count(*) != 0 as should_error
    from (
      
    
  
    
    



select temperature_c
from "db"."dev_marts"."fct_weather_observation"
where temperature_c is null



  
  
      
    ) dbt_internal_test
[0m11:56:28.195090 [debug] [Thread-4 (]: SQL status: BEGIN in 0.004 seconds
[0m11:56:28.195253 [debug] [Thread-1 (]: Using postgres connection "test.weather.not_null_fct_weather_observation_observed_at.de8c4970c5"
[0m11:56:28.195468 [debug] [Thread-3 (]: On test.weather.not_null_fct_weather_observation_observation_id.d4d626336e: Close
[0m11:56:28.195644 [debug] [Thread-4 (]: Using postgres connection "test.weather.not_null_stg_weather_city.c03e0c0127"
[0m11:56:28.195808 [debug] [Thread-2 (]: SQL status: SELECT 1 in 0.000 seconds
[0m11:56:28.195956 [debug] [Thread-1 (]: On test.weather.not_null_fct_weather_observation_observed_at.de8c4970c5: /* {"app": "dbt", "dbt_version": "1.12.5", "profile_name": "weather", "target_name": "dev", "node_id": "test.weather.not_null_fct_weather_observation_observed_at.de8c4970c5"} */

    
    select
      count(*) as failures,
      count(*) != 0 as should_warn,
      count(*) != 0 as should_error
    from (
      
    
  
    
    



select observed_at
from "db"."dev_marts"."fct_weather_observation"
where observed_at is null



  
  
      
    ) dbt_internal_test
[0m11:56:28.196238 [info ] [Thread-3 (]: 5 of 16 PASS not_null_fct_weather_observation_observation_id ................... [[32mPASS[0m in 0.03s]
[0m11:56:28.196410 [debug] [Thread-4 (]: On test.weather.not_null_stg_weather_city.c03e0c0127: /* {"app": "dbt", "dbt_version": "1.12.5", "profile_name": "weather", "target_name": "dev", "node_id": "test.weather.not_null_stg_weather_city.c03e0c0127"} */

    
    select
      count(*) as failures,
      count(*) != 0 as should_warn,
      count(*) != 0 as should_error
    from (
      
    
  
    
    



select city
from "db"."dev_staging"."stg_weather"
where city is null



  
  
      
    ) dbt_internal_test
[0m11:56:28.196990 [debug] [Thread-2 (]: On test.weather.not_null_fct_weather_observation_temperature_c.3bf5f9c541: ROLLBACK
[0m11:56:28.197373 [debug] [Thread-3 (]: Finished running node test.weather.not_null_fct_weather_observation_observation_id.d4d626336e
[0m11:56:28.197535 [debug] [Thread-1 (]: SQL status: SELECT 1 in 0.000 seconds
[0m11:56:28.197792 [debug] [Thread-3 (]: Began running node test.weather.not_null_stg_weather_observation_id.ff421f4d37
[0m11:56:28.197944 [debug] [Thread-2 (]: On test.weather.not_null_fct_weather_observation_temperature_c.3bf5f9c541: Close
[0m11:56:28.198141 [debug] [Thread-4 (]: SQL status: SELECT 1 in 0.000 seconds
[0m11:56:28.198764 [debug] [Thread-1 (]: On test.weather.not_null_fct_weather_observation_observed_at.de8c4970c5: ROLLBACK
[0m11:56:28.198979 [info ] [Thread-3 (]: 9 of 16 START test not_null_stg_weather_observation_id ......................... [RUN]
[0m11:56:28.199342 [info ] [Thread-2 (]: 7 of 16 PASS not_null_fct_weather_observation_temperature_c .................... [[32mPASS[0m in 0.02s]
[0m11:56:28.199936 [debug] [Thread-4 (]: On test.weather.not_null_stg_weather_city.c03e0c0127: ROLLBACK
[0m11:56:28.200239 [debug] [Thread-3 (]: Re-using an available connection from the pool (formerly test.weather.not_null_fct_weather_observation_observation_id.d4d626336e, now test.weather.not_null_stg_weather_observation_id.ff421f4d37)
[0m11:56:28.200438 [debug] [Thread-1 (]: On test.weather.not_null_fct_weather_observation_observed_at.de8c4970c5: Close
[0m11:56:28.200697 [debug] [Thread-2 (]: Finished running node test.weather.not_null_fct_weather_observation_temperature_c.3bf5f9c541
[0m11:56:28.201041 [debug] [Thread-3 (]: Began compiling node test.weather.not_null_stg_weather_observation_id.ff421f4d37
[0m11:56:28.201355 [debug] [Thread-4 (]: On test.weather.not_null_stg_weather_city.c03e0c0127: Close
[0m11:56:28.201785 [info ] [Thread-1 (]: 6 of 16 PASS not_null_fct_weather_observation_observed_at ...................... [[32mPASS[0m in 0.03s]
[0m11:56:28.202050 [debug] [Thread-2 (]: Began running node test.weather.not_null_stg_weather_observed_at.3c5a1584f0
[0m11:56:28.208273 [info ] [Thread-2 (]: 10 of 16 START test not_null_stg_weather_observed_at ........................... [RUN]
[0m11:56:28.208481 [debug] [Thread-2 (]: Re-using an available connection from the pool (formerly test.weather.not_null_fct_weather_observation_temperature_c.3bf5f9c541, now test.weather.not_null_stg_weather_observed_at.3c5a1584f0)
[0m11:56:28.208065 [debug] [Thread-1 (]: Finished running node test.weather.not_null_fct_weather_observation_observed_at.de8c4970c5
[0m11:56:28.207511 [debug] [Thread-3 (]: Writing injected SQL for node "test.weather.not_null_stg_weather_observation_id.ff421f4d37"
[0m11:56:28.207824 [info ] [Thread-4 (]: 8 of 16 PASS not_null_stg_weather_city ......................................... [[32mPASS[0m in 0.03s]
[0m11:56:28.208652 [debug] [Thread-2 (]: Began compiling node test.weather.not_null_stg_weather_observed_at.3c5a1584f0
[0m11:56:28.208866 [debug] [Thread-1 (]: Began running node test.weather.not_null_stg_weather_temperature_c.3a7a09f65f
[0m11:56:28.209194 [debug] [Thread-4 (]: Finished running node test.weather.not_null_stg_weather_city.c03e0c0127
[0m11:56:28.211749 [debug] [Thread-2 (]: Writing injected SQL for node "test.weather.not_null_stg_weather_observed_at.3c5a1584f0"
[0m11:56:28.211963 [info ] [Thread-1 (]: 11 of 16 START test not_null_stg_weather_temperature_c ......................... [RUN]
[0m11:56:28.212478 [debug] [Thread-4 (]: Began running node test.weather.relationships_fct_weather_observation_location_key__location_key__ref_dim_location_.2ce5c71a08
[0m11:56:28.212623 [debug] [Thread-3 (]: Began executing node test.weather.not_null_stg_weather_observation_id.ff421f4d37
[0m11:56:28.212929 [debug] [Thread-1 (]: Re-using an available connection from the pool (formerly test.weather.not_null_fct_weather_observation_observed_at.de8c4970c5, now test.weather.not_null_stg_weather_temperature_c.3a7a09f65f)
[0m11:56:28.213194 [info ] [Thread-4 (]: 12 of 16 START test relationships_fct_weather_observation_location_key__location_key__ref_dim_location_  [RUN]
[0m11:56:28.213854 [debug] [Thread-3 (]: Writing runtime sql for node "test.weather.not_null_stg_weather_observation_id.ff421f4d37"
[0m11:56:28.214011 [debug] [Thread-2 (]: Began executing node test.weather.not_null_stg_weather_observed_at.3c5a1584f0
[0m11:56:28.214129 [debug] [Thread-1 (]: Began compiling node test.weather.not_null_stg_weather_temperature_c.3a7a09f65f
[0m11:56:28.214335 [debug] [Thread-4 (]: Re-using an available connection from the pool (formerly test.weather.not_null_stg_weather_city.c03e0c0127, now test.weather.relationships_fct_weather_observation_location_key__location_key__ref_dim_location_.2ce5c71a08)
[0m11:56:28.214934 [debug] [Thread-2 (]: Writing runtime sql for node "test.weather.not_null_stg_weather_observed_at.3c5a1584f0"
[0m11:56:28.217644 [debug] [Thread-1 (]: Writing injected SQL for node "test.weather.not_null_stg_weather_temperature_c.3a7a09f65f"
[0m11:56:28.217841 [debug] [Thread-4 (]: Began compiling node test.weather.relationships_fct_weather_observation_location_key__location_key__ref_dim_location_.2ce5c71a08
[0m11:56:28.218179 [debug] [Thread-3 (]: Using postgres connection "test.weather.not_null_stg_weather_observation_id.ff421f4d37"
[0m11:56:28.225143 [debug] [Thread-4 (]: Writing injected SQL for node "test.weather.relationships_fct_weather_observation_location_key__location_key__ref_dim_location_.2ce5c71a08"
[0m11:56:28.225401 [debug] [Thread-2 (]: Using postgres connection "test.weather.not_null_stg_weather_observed_at.3c5a1584f0"
[0m11:56:28.225552 [debug] [Thread-3 (]: On test.weather.not_null_stg_weather_observation_id.ff421f4d37: BEGIN
[0m11:56:28.225703 [debug] [Thread-1 (]: Began executing node test.weather.not_null_stg_weather_temperature_c.3a7a09f65f
[0m11:56:28.225918 [debug] [Thread-2 (]: On test.weather.not_null_stg_weather_observed_at.3c5a1584f0: BEGIN
[0m11:56:28.226141 [debug] [Thread-3 (]: Opening a new connection, currently in state closed
[0m11:56:28.226745 [debug] [Thread-1 (]: Writing runtime sql for node "test.weather.not_null_stg_weather_temperature_c.3a7a09f65f"
[0m11:56:28.226923 [debug] [Thread-4 (]: Began executing node test.weather.relationships_fct_weather_observation_location_key__location_key__ref_dim_location_.2ce5c71a08
[0m11:56:28.227061 [debug] [Thread-2 (]: Opening a new connection, currently in state closed
[0m11:56:28.227908 [debug] [Thread-4 (]: Writing runtime sql for node "test.weather.relationships_fct_weather_observation_location_key__location_key__ref_dim_location_.2ce5c71a08"
[0m11:56:28.230056 [debug] [Thread-1 (]: Using postgres connection "test.weather.not_null_stg_weather_temperature_c.3a7a09f65f"
[0m11:56:28.230257 [debug] [Thread-1 (]: On test.weather.not_null_stg_weather_temperature_c.3a7a09f65f: BEGIN
[0m11:56:28.230494 [debug] [Thread-1 (]: Opening a new connection, currently in state closed
[0m11:56:28.230653 [debug] [Thread-4 (]: Using postgres connection "test.weather.relationships_fct_weather_observation_location_key__location_key__ref_dim_location_.2ce5c71a08"
[0m11:56:28.230893 [debug] [Thread-4 (]: On test.weather.relationships_fct_weather_observation_location_key__location_key__ref_dim_location_.2ce5c71a08: BEGIN
[0m11:56:28.231058 [debug] [Thread-2 (]: SQL status: BEGIN in 0.004 seconds
[0m11:56:28.231223 [debug] [Thread-3 (]: SQL status: BEGIN in 0.005 seconds
[0m11:56:28.231359 [debug] [Thread-4 (]: Opening a new connection, currently in state closed
[0m11:56:28.231527 [debug] [Thread-2 (]: Using postgres connection "test.weather.not_null_stg_weather_observed_at.3c5a1584f0"
[0m11:56:28.233287 [debug] [Thread-3 (]: Using postgres connection "test.weather.not_null_stg_weather_observation_id.ff421f4d37"
[0m11:56:28.233527 [debug] [Thread-2 (]: On test.weather.not_null_stg_weather_observed_at.3c5a1584f0: /* {"app": "dbt", "dbt_version": "1.12.5", "profile_name": "weather", "target_name": "dev", "node_id": "test.weather.not_null_stg_weather_observed_at.3c5a1584f0"} */

    
    select
      count(*) as failures,
      count(*) != 0 as should_warn,
      count(*) != 0 as should_error
    from (
      
    
  
    
    



select observed_at
from "db"."dev_staging"."stg_weather"
where observed_at is null



  
  
      
    ) dbt_internal_test
[0m11:56:28.233732 [debug] [Thread-3 (]: On test.weather.not_null_stg_weather_observation_id.ff421f4d37: /* {"app": "dbt", "dbt_version": "1.12.5", "profile_name": "weather", "target_name": "dev", "node_id": "test.weather.not_null_stg_weather_observation_id.ff421f4d37"} */

    
    select
      count(*) as failures,
      count(*) != 0 as should_warn,
      count(*) != 0 as should_error
    from (
      
    
  
    
    



select observation_id
from "db"."dev_staging"."stg_weather"
where observation_id is null



  
  
      
    ) dbt_internal_test
[0m11:56:28.234049 [debug] [Thread-1 (]: SQL status: BEGIN in 0.004 seconds
[0m11:56:28.234245 [debug] [Thread-1 (]: Using postgres connection "test.weather.not_null_stg_weather_temperature_c.3a7a09f65f"
[0m11:56:28.234648 [debug] [Thread-1 (]: On test.weather.not_null_stg_weather_temperature_c.3a7a09f65f: /* {"app": "dbt", "dbt_version": "1.12.5", "profile_name": "weather", "target_name": "dev", "node_id": "test.weather.not_null_stg_weather_temperature_c.3a7a09f65f"} */

    
    select
      count(*) as failures,
      count(*) != 0 as should_warn,
      count(*) != 0 as should_error
    from (
      
    
  
    
    



select temperature_c
from "db"."dev_staging"."stg_weather"
where temperature_c is null



  
  
      
    ) dbt_internal_test
[0m11:56:28.234527 [debug] [Thread-3 (]: SQL status: SELECT 1 in 0.001 seconds
[0m11:56:28.234407 [debug] [Thread-2 (]: SQL status: SELECT 1 in 0.000 seconds
[0m11:56:28.235397 [debug] [Thread-3 (]: On test.weather.not_null_stg_weather_observation_id.ff421f4d37: ROLLBACK
[0m11:56:28.235562 [debug] [Thread-1 (]: SQL status: SELECT 1 in 0.001 seconds
[0m11:56:28.236094 [debug] [Thread-2 (]: On test.weather.not_null_stg_weather_observed_at.3c5a1584f0: ROLLBACK
[0m11:56:28.236443 [debug] [Thread-3 (]: On test.weather.not_null_stg_weather_observation_id.ff421f4d37: Close
[0m11:56:28.237037 [debug] [Thread-1 (]: On test.weather.not_null_stg_weather_temperature_c.3a7a09f65f: ROLLBACK
[0m11:56:28.237201 [debug] [Thread-4 (]: SQL status: BEGIN in 0.006 seconds
[0m11:56:28.237770 [debug] [Thread-2 (]: On test.weather.not_null_stg_weather_observed_at.3c5a1584f0: Close
[0m11:56:28.238437 [info ] [Thread-2 (]: 10 of 16 PASS not_null_stg_weather_observed_at ................................. [[32mPASS[0m in 0.03s]
[0m11:56:28.238019 [debug] [Thread-4 (]: Using postgres connection "test.weather.relationships_fct_weather_observation_location_key__location_key__ref_dim_location_.2ce5c71a08"
[0m11:56:28.238177 [debug] [Thread-1 (]: On test.weather.not_null_stg_weather_temperature_c.3a7a09f65f: Close
[0m11:56:28.237653 [info ] [Thread-3 (]: 9 of 16 PASS not_null_stg_weather_observation_id ............................... [[32mPASS[0m in 0.04s]
[0m11:56:28.239360 [debug] [Thread-3 (]: Finished running node test.weather.not_null_stg_weather_observation_id.ff421f4d37
[0m11:56:28.238892 [debug] [Thread-4 (]: On test.weather.relationships_fct_weather_observation_location_key__location_key__ref_dim_location_.2ce5c71a08: /* {"app": "dbt", "dbt_version": "1.12.5", "profile_name": "weather", "target_name": "dev", "node_id": "test.weather.relationships_fct_weather_observation_location_key__location_key__ref_dim_location_.2ce5c71a08"} */

    
    select
      count(*) as failures,
      count(*) != 0 as should_warn,
      count(*) != 0 as should_error
    from (
      
    
  
    
    

with child as (
    select location_key as from_field
    from "db"."dev_marts"."fct_weather_observation"
    where location_key is not null
),

parent as (
    select location_key as to_field
    from "db"."dev_marts"."dim_location"
)

select
    from_field

from child
left join parent
    on child.from_field = parent.to_field

where parent.to_field is null



  
  
      
    ) dbt_internal_test
[0m11:56:28.238700 [debug] [Thread-2 (]: Finished running node test.weather.not_null_stg_weather_observed_at.3c5a1584f0
[0m11:56:28.239185 [info ] [Thread-1 (]: 11 of 16 PASS not_null_stg_weather_temperature_c ............................... [[32mPASS[0m in 0.03s]
[0m11:56:28.239587 [debug] [Thread-3 (]: Began running node test.weather.unique_dim_location_city.ed21a4e731
[0m11:56:28.240366 [info ] [Thread-3 (]: 13 of 16 START test unique_dim_location_city ................................... [RUN]
[0m11:56:28.240049 [debug] [Thread-1 (]: Finished running node test.weather.not_null_stg_weather_temperature_c.3a7a09f65f
[0m11:56:28.240211 [debug] [Thread-4 (]: SQL status: SELECT 1 in 0.000 seconds
[0m11:56:28.239818 [debug] [Thread-2 (]: Began running node test.weather.unique_dim_location_location_key.b5757d64b6
[0m11:56:28.241554 [info ] [Thread-2 (]: 14 of 16 START test unique_dim_location_location_key ........................... [RUN]
[0m11:56:28.240766 [debug] [Thread-1 (]: Began running node test.weather.unique_fct_weather_observation_observation_id.2350f7f487
[0m11:56:28.241373 [debug] [Thread-4 (]: On test.weather.relationships_fct_weather_observation_location_key__location_key__ref_dim_location_.2ce5c71a08: ROLLBACK
[0m11:56:28.240571 [debug] [Thread-3 (]: Re-using an available connection from the pool (formerly test.weather.not_null_stg_weather_observation_id.ff421f4d37, now test.weather.unique_dim_location_city.ed21a4e731)
[0m11:56:28.241755 [debug] [Thread-2 (]: Re-using an available connection from the pool (formerly test.weather.not_null_stg_weather_observed_at.3c5a1584f0, now test.weather.unique_dim_location_location_key.b5757d64b6)
[0m11:56:28.241931 [info ] [Thread-1 (]: 15 of 16 START test unique_fct_weather_observation_observation_id .............. [RUN]
[0m11:56:28.242179 [debug] [Thread-3 (]: Began compiling node test.weather.unique_dim_location_city.ed21a4e731
[0m11:56:28.242324 [debug] [Thread-4 (]: On test.weather.relationships_fct_weather_observation_location_key__location_key__ref_dim_location_.2ce5c71a08: Close
[0m11:56:28.242481 [debug] [Thread-2 (]: Began compiling node test.weather.unique_dim_location_location_key.b5757d64b6
[0m11:56:28.242668 [debug] [Thread-1 (]: Re-using an available connection from the pool (formerly test.weather.not_null_stg_weather_temperature_c.3a7a09f65f, now test.weather.unique_fct_weather_observation_observation_id.2350f7f487)
[0m11:56:28.246582 [debug] [Thread-3 (]: Writing injected SQL for node "test.weather.unique_dim_location_city.ed21a4e731"
[0m11:56:28.246905 [info ] [Thread-4 (]: 12 of 16 PASS relationships_fct_weather_observation_location_key__location_key__ref_dim_location_  [[32mPASS[0m in 0.03s]
[0m11:56:28.249283 [debug] [Thread-2 (]: Writing injected SQL for node "test.weather.unique_dim_location_location_key.b5757d64b6"
[0m11:56:28.249500 [debug] [Thread-1 (]: Began compiling node test.weather.unique_fct_weather_observation_observation_id.2350f7f487
[0m11:56:28.249813 [debug] [Thread-4 (]: Finished running node test.weather.relationships_fct_weather_observation_location_key__location_key__ref_dim_location_.2ce5c71a08
[0m11:56:28.252296 [debug] [Thread-1 (]: Writing injected SQL for node "test.weather.unique_fct_weather_observation_observation_id.2350f7f487"
[0m11:56:28.252481 [debug] [Thread-3 (]: Began executing node test.weather.unique_dim_location_city.ed21a4e731
[0m11:56:28.252631 [debug] [Thread-4 (]: Began running node test.weather.unique_stg_weather_observation_id.9e85c109c9
[0m11:56:28.252866 [debug] [Thread-2 (]: Began executing node test.weather.unique_dim_location_location_key.b5757d64b6
[0m11:56:28.253526 [debug] [Thread-3 (]: Writing runtime sql for node "test.weather.unique_dim_location_city.ed21a4e731"
[0m11:56:28.253694 [info ] [Thread-4 (]: 16 of 16 START test unique_stg_weather_observation_id .......................... [RUN]
[0m11:56:28.254327 [debug] [Thread-2 (]: Writing runtime sql for node "test.weather.unique_dim_location_location_key.b5757d64b6"
[0m11:56:28.254542 [debug] [Thread-1 (]: Began executing node test.weather.unique_fct_weather_observation_observation_id.2350f7f487
[0m11:56:28.254728 [debug] [Thread-4 (]: Re-using an available connection from the pool (formerly test.weather.relationships_fct_weather_observation_location_key__location_key__ref_dim_location_.2ce5c71a08, now test.weather.unique_stg_weather_observation_id.9e85c109c9)
[0m11:56:28.255416 [debug] [Thread-1 (]: Writing runtime sql for node "test.weather.unique_fct_weather_observation_observation_id.2350f7f487"
[0m11:56:28.255632 [debug] [Thread-4 (]: Began compiling node test.weather.unique_stg_weather_observation_id.9e85c109c9
[0m11:56:28.255823 [debug] [Thread-3 (]: Using postgres connection "test.weather.unique_dim_location_city.ed21a4e731"
[0m11:56:28.256021 [debug] [Thread-2 (]: Using postgres connection "test.weather.unique_dim_location_location_key.b5757d64b6"
[0m11:56:28.258633 [debug] [Thread-4 (]: Writing injected SQL for node "test.weather.unique_stg_weather_observation_id.9e85c109c9"
[0m11:56:28.258820 [debug] [Thread-3 (]: On test.weather.unique_dim_location_city.ed21a4e731: BEGIN
[0m11:56:28.259000 [debug] [Thread-2 (]: On test.weather.unique_dim_location_location_key.b5757d64b6: BEGIN
[0m11:56:28.259178 [debug] [Thread-1 (]: Using postgres connection "test.weather.unique_fct_weather_observation_observation_id.2350f7f487"
[0m11:56:28.259368 [debug] [Thread-3 (]: Opening a new connection, currently in state closed
[0m11:56:28.259537 [debug] [Thread-2 (]: Opening a new connection, currently in state closed
[0m11:56:28.259704 [debug] [Thread-4 (]: Began executing node test.weather.unique_stg_weather_observation_id.9e85c109c9
[0m11:56:28.259846 [debug] [Thread-1 (]: On test.weather.unique_fct_weather_observation_observation_id.2350f7f487: BEGIN
[0m11:56:28.260676 [debug] [Thread-4 (]: Writing runtime sql for node "test.weather.unique_stg_weather_observation_id.9e85c109c9"
[0m11:56:28.260894 [debug] [Thread-1 (]: Opening a new connection, currently in state closed
[0m11:56:28.261721 [debug] [Thread-4 (]: Using postgres connection "test.weather.unique_stg_weather_observation_id.9e85c109c9"
[0m11:56:28.261899 [debug] [Thread-4 (]: On test.weather.unique_stg_weather_observation_id.9e85c109c9: BEGIN
[0m11:56:28.262088 [debug] [Thread-4 (]: Opening a new connection, currently in state closed
[0m11:56:28.263297 [debug] [Thread-3 (]: SQL status: BEGIN in 0.004 seconds
[0m11:56:28.263887 [debug] [Thread-2 (]: SQL status: BEGIN in 0.004 seconds
[0m11:56:28.264340 [debug] [Thread-3 (]: Using postgres connection "test.weather.unique_dim_location_city.ed21a4e731"
[0m11:56:28.264519 [debug] [Thread-2 (]: Using postgres connection "test.weather.unique_dim_location_location_key.b5757d64b6"
[0m11:56:28.265013 [debug] [Thread-2 (]: On test.weather.unique_dim_location_location_key.b5757d64b6: /* {"app": "dbt", "dbt_version": "1.12.5", "profile_name": "weather", "target_name": "dev", "node_id": "test.weather.unique_dim_location_location_key.b5757d64b6"} */

    
    select
      count(*) as failures,
      count(*) != 0 as should_warn,
      count(*) != 0 as should_error
    from (
      
    
  
    
    

select
    location_key as unique_field,
    count(*) as n_records

from "db"."dev_marts"."dim_location"
where location_key is not null
group by location_key
having count(*) > 1



  
  
      
    ) dbt_internal_test
[0m11:56:28.264870 [debug] [Thread-1 (]: SQL status: BEGIN in 0.004 seconds
[0m11:56:28.264690 [debug] [Thread-3 (]: On test.weather.unique_dim_location_city.ed21a4e731: /* {"app": "dbt", "dbt_version": "1.12.5", "profile_name": "weather", "target_name": "dev", "node_id": "test.weather.unique_dim_location_city.ed21a4e731"} */

    
    select
      count(*) as failures,
      count(*) != 0 as should_warn,
      count(*) != 0 as should_error
    from (
      
    
  
    
    

select
    city as unique_field,
    count(*) as n_records

from "db"."dev_marts"."dim_location"
where city is not null
group by city
having count(*) > 1



  
  
      
    ) dbt_internal_test
[0m11:56:28.265276 [debug] [Thread-1 (]: Using postgres connection "test.weather.unique_fct_weather_observation_observation_id.2350f7f487"
[0m11:56:28.265583 [debug] [Thread-1 (]: On test.weather.unique_fct_weather_observation_observation_id.2350f7f487: /* {"app": "dbt", "dbt_version": "1.12.5", "profile_name": "weather", "target_name": "dev", "node_id": "test.weather.unique_fct_weather_observation_observation_id.2350f7f487"} */

    
    select
      count(*) as failures,
      count(*) != 0 as should_warn,
      count(*) != 0 as should_error
    from (
      
    
  
    
    

select
    observation_id as unique_field,
    count(*) as n_records

from "db"."dev_marts"."fct_weather_observation"
where observation_id is not null
group by observation_id
having count(*) > 1



  
  
      
    ) dbt_internal_test
[0m11:56:28.265746 [debug] [Thread-2 (]: SQL status: SELECT 1 in 0.001 seconds
[0m11:56:28.266579 [debug] [Thread-2 (]: On test.weather.unique_dim_location_location_key.b5757d64b6: ROLLBACK
[0m11:56:28.265899 [debug] [Thread-3 (]: SQL status: SELECT 1 in 0.000 seconds
[0m11:56:28.266733 [debug] [Thread-1 (]: SQL status: SELECT 1 in 0.001 seconds
[0m11:56:28.267317 [debug] [Thread-3 (]: On test.weather.unique_dim_location_city.ed21a4e731: ROLLBACK
[0m11:56:28.267477 [debug] [Thread-2 (]: On test.weather.unique_dim_location_location_key.b5757d64b6: Close
[0m11:56:28.268030 [debug] [Thread-1 (]: On test.weather.unique_fct_weather_observation_observation_id.2350f7f487: ROLLBACK
[0m11:56:28.268266 [debug] [Thread-3 (]: On test.weather.unique_dim_location_city.ed21a4e731: Close
[0m11:56:28.269112 [info ] [Thread-3 (]: 13 of 16 PASS unique_dim_location_city ......................................... [[32mPASS[0m in 0.03s]
[0m11:56:28.268671 [info ] [Thread-2 (]: 14 of 16 PASS unique_dim_location_location_key ................................. [[32mPASS[0m in 0.03s]
[0m11:56:28.268886 [debug] [Thread-1 (]: On test.weather.unique_fct_weather_observation_observation_id.2350f7f487: Close
[0m11:56:28.268435 [debug] [Thread-4 (]: SQL status: BEGIN in 0.006 seconds
[0m11:56:28.270037 [debug] [Thread-4 (]: Using postgres connection "test.weather.unique_stg_weather_observation_id.9e85c109c9"
[0m11:56:28.269608 [debug] [Thread-2 (]: Finished running node test.weather.unique_dim_location_location_key.b5757d64b6
[0m11:56:28.269876 [info ] [Thread-1 (]: 15 of 16 PASS unique_fct_weather_observation_observation_id .................... [[32mPASS[0m in 0.03s]
[0m11:56:28.269372 [debug] [Thread-3 (]: Finished running node test.weather.unique_dim_location_city.ed21a4e731
[0m11:56:28.270207 [debug] [Thread-4 (]: On test.weather.unique_stg_weather_observation_id.9e85c109c9: /* {"app": "dbt", "dbt_version": "1.12.5", "profile_name": "weather", "target_name": "dev", "node_id": "test.weather.unique_stg_weather_observation_id.9e85c109c9"} */

    
    select
      count(*) as failures,
      count(*) != 0 as should_warn,
      count(*) != 0 as should_error
    from (
      
    
  
    
    

select
    observation_id as unique_field,
    count(*) as n_records

from "db"."dev_staging"."stg_weather"
where observation_id is not null
group by observation_id
having count(*) > 1



  
  
      
    ) dbt_internal_test
[0m11:56:28.270509 [debug] [Thread-1 (]: Finished running node test.weather.unique_fct_weather_observation_observation_id.2350f7f487
[0m11:56:28.271189 [debug] [Thread-4 (]: SQL status: SELECT 1 in 0.000 seconds
[0m11:56:28.271743 [debug] [Thread-4 (]: On test.weather.unique_stg_weather_observation_id.9e85c109c9: ROLLBACK
[0m11:56:28.271929 [debug] [Thread-4 (]: On test.weather.unique_stg_weather_observation_id.9e85c109c9: Close
[0m11:56:28.272154 [info ] [Thread-4 (]: 16 of 16 PASS unique_stg_weather_observation_id ................................ [[32mPASS[0m in 0.02s]
[0m11:56:28.272423 [debug] [Thread-4 (]: Finished running node test.weather.unique_stg_weather_observation_id.9e85c109c9
[0m11:56:28.273193 [debug] [MainThread]: Using postgres connection "master"
[0m11:56:28.273351 [debug] [MainThread]: On master: BEGIN
[0m11:56:28.273489 [debug] [MainThread]: Opening a new connection, currently in state closed
[0m11:56:28.276286 [debug] [MainThread]: SQL status: BEGIN in 0.003 seconds
[0m11:56:28.276444 [debug] [MainThread]: On master: COMMIT
[0m11:56:28.276587 [debug] [MainThread]: Using postgres connection "master"
[0m11:56:28.276723 [debug] [MainThread]: On master: COMMIT
[0m11:56:28.276915 [debug] [MainThread]: SQL status: COMMIT in 0.000 seconds
[0m11:56:28.277073 [debug] [MainThread]: On master: Close
[0m11:56:28.277274 [debug] [MainThread]: Connection 'master' was properly closed.
[0m11:56:28.277419 [debug] [MainThread]: Connection 'test.weather.unique_dim_location_location_key.b5757d64b6' was properly closed.
[0m11:56:28.277577 [debug] [MainThread]: Connection 'test.weather.unique_fct_weather_observation_observation_id.2350f7f487' was properly closed.
[0m11:56:28.277710 [debug] [MainThread]: Connection 'test.weather.unique_dim_location_city.ed21a4e731' was properly closed.
[0m11:56:28.277831 [debug] [MainThread]: Connection 'test.weather.unique_stg_weather_observation_id.9e85c109c9' was properly closed.
[0m11:56:28.277979 [info ] [MainThread]: 
[0m11:56:28.278133 [info ] [MainThread]: Finished running 16 data tests in 0 hours 0 minutes and 0.19 seconds (0.19s).
[0m11:56:28.279103 [debug] [MainThread]: Command end result
[0m11:56:28.298594 [debug] [MainThread]: Wrote artifact WritableManifest to /opt/airflow/project/dbt/weather/target/manifest.json
[0m11:56:28.300013 [debug] [MainThread]: Wrote artifact SemanticManifest to /opt/airflow/project/dbt/weather/target/semantic_manifest.json
[0m11:56:28.301229 [debug] [MainThread]: Wrote artifact OsiDocument to /opt/airflow/project/dbt/weather/target/osi_document.json
[0m11:56:28.305436 [debug] [MainThread]: Wrote artifact RunExecutionResult to /opt/airflow/project/dbt/weather/target/run_results.json
[0m11:56:28.305661 [info ] [MainThread]: 
[0m11:56:28.305877 [info ] [MainThread]: [32mCompleted successfully[0m
[0m11:56:28.306066 [info ] [MainThread]: 
[0m11:56:28.306259 [info ] [MainThread]: Done. PASS=16 WARN=0 ERROR=0 SKIP=0 NO-OP=0 REUSED=0 TOTAL=16
[0m11:56:28.307020 [debug] [MainThread]: Resource report: {"command_name": "test", "command_success": true, "command_wall_clock_time": 0.5953055, "process_in_blocks": "0", "process_kernel_time": 0.075546, "process_mem_max_rss": "150596", "process_out_blocks": "2475", "process_user_time": 1.127155}
[0m11:56:28.307329 [debug] [MainThread]: Command `dbt test` succeeded at 11:56:28.307251 after 0.60 seconds
[0m11:56:28.307560 [debug] [MainThread]: Sending event: {'category': 'dbt', 'action': 'invocation', 'label': 'end', 'context': [<snowplow_tracker.self_describing_json.SelfDescribingJson object at 0xffff7a9a9550>, <snowplow_tracker.self_describing_json.SelfDescribingJson object at 0xffff79487b70>, <snowplow_tracker.self_describing_json.SelfDescribingJson object at 0xffff79487cd0>]}
[0m11:56:28.307794 [debug] [MainThread]: Flushing usage events
[0m11:56:28.511332 [debug] [MainThread]: An error was encountered while trying to flush usage events
[0m11:56:44.383821 [debug] [MainThread]: Sending event: {'category': 'dbt', 'action': 'invocation', 'label': 'start', 'context': [<snowplow_tracker.self_describing_json.SelfDescribingJson object at 0xffffb1c1cd70>, <snowplow_tracker.self_describing_json.SelfDescribingJson object at 0xffffb0857ed0>, <snowplow_tracker.self_describing_json.SelfDescribingJson object at 0xffffb08579d0>]}


============================== 11:56:44.387858 | e8951776-8196-4060-853b-ecdcfc70d19e ==============================
[0m11:56:44.387858 [info ] [MainThread]: Running with dbt=1.12.5
[0m11:56:44.388126 [debug] [MainThread]: running dbt with arguments {'hints_enabled': 'True', 'warn_error_options': 'WarnErrorOptionsV2(error=[], warn=[], silence=[])', 'indirect_selection': 'eager', 'fail_fast': 'False', 'use_colors': 'True', 'profiles_dir': '.', 'partial_parse': 'True', 'printer_width': '80', 'invocation_command': 'dbt test --profiles-dir .', 'debug': 'False', 'quiet': 'False', 'static_parser': 'True', 'send_anonymous_usage_stats': 'True', 'log_path': '/opt/airflow/project/dbt/weather/logs', 'warn_error': 'None', 'write_json': 'True', 'empty': 'None', 'maximum_seed_size_mib': '1', 'target_path': 'None', 'log_format': 'default', 'use_experimental_parser': 'False', 'log_cache_events': 'False', 'cache_selected_only': 'False', 'introspect': 'True', 'version_check': 'True', 'no_print': 'None'}
[0m11:56:44.491312 [debug] [MainThread]: Sending event: {'category': 'dbt', 'action': 'project_id', 'label': 'e8951776-8196-4060-853b-ecdcfc70d19e', 'context': [<snowplow_tracker.self_describing_json.SelfDescribingJson object at 0xffffb1868e90>]}
[0m11:56:44.515919 [debug] [MainThread]: Sending event: {'category': 'dbt', 'action': 'adapter_info', 'label': 'e8951776-8196-4060-853b-ecdcfc70d19e', 'context': [<snowplow_tracker.self_describing_json.SelfDescribingJson object at 0xffffb26097b0>]}
[0m11:56:44.516414 [info ] [MainThread]: Registered adapter: postgres=1.9.1
[0m11:56:44.540534 [debug] [MainThread]: checksum: afd20fbb4d06d62f3d6b74dcf1323d861272964b952c4e208b6d9abde9858694, vars: {}, profile: weather, target: dev, version: 1.12.5
[0m11:56:44.598139 [debug] [MainThread]: Partial parsing enabled: 0 files deleted, 0 files added, 0 files changed.
[0m11:56:44.598391 [debug] [MainThread]: Nothing changed, skipping partial parsing.
[0m11:56:44.598546 [debug] [MainThread]: Partial parsing enabled, no changes found, skipping parsing
[0m11:56:44.602470 [debug] [MainThread]: Sending event: {'category': 'dbt', 'action': 'load_project', 'label': 'e8951776-8196-4060-853b-ecdcfc70d19e', 'context': [<snowplow_tracker.self_describing_json.SelfDescribingJson object at 0xffffaf7a9250>]}
[0m11:56:44.668825 [debug] [MainThread]: Wrote artifact WritableManifest to /opt/airflow/project/dbt/weather/target/manifest.json
[0m11:56:44.670130 [debug] [MainThread]: Wrote artifact SemanticManifest to /opt/airflow/project/dbt/weather/target/semantic_manifest.json
[0m11:56:44.675261 [debug] [MainThread]: Wrote artifact OsiDocument to /opt/airflow/project/dbt/weather/target/osi_document.json
[0m11:56:44.683945 [debug] [MainThread]: Sending event: {'category': 'dbt', 'action': 'resource_counts', 'label': 'e8951776-8196-4060-853b-ecdcfc70d19e', 'context': [<snowplow_tracker.self_describing_json.SelfDescribingJson object at 0xffffaf1efb60>]}
[0m11:56:44.684178 [info ] [MainThread]: Found 3 models, 16 data tests, 1 source, 476 macros
[0m11:56:44.684324 [debug] [MainThread]: Sending event: {'category': 'dbt', 'action': 'runnable_timing', 'label': 'e8951776-8196-4060-853b-ecdcfc70d19e', 'context': [<snowplow_tracker.self_describing_json.SelfDescribingJson object at 0xffffaf1f6dd0>]}
[0m11:56:44.685349 [info ] [MainThread]: 
[0m11:56:44.685502 [info ] [MainThread]: Concurrency: 4 threads (target='dev')
[0m11:56:44.685623 [info ] [MainThread]: 
[0m11:56:44.685845 [debug] [MainThread]: Acquiring new postgres connection 'master'
[0m11:56:44.687631 [debug] [ThreadPool]: Acquiring new postgres connection 'list_db_dev_marts'
[0m11:56:44.692238 [debug] [ThreadPool]: Acquiring new postgres connection 'list_db_dev_staging'
[0m11:56:44.701735 [debug] [ThreadPool]: Using postgres connection "list_db_dev_marts"
[0m11:56:44.701901 [debug] [ThreadPool]: Using postgres connection "list_db_dev_staging"
[0m11:56:44.702062 [debug] [ThreadPool]: On list_db_dev_marts: BEGIN
[0m11:56:44.702249 [debug] [ThreadPool]: On list_db_dev_staging: BEGIN
[0m11:56:44.702409 [debug] [ThreadPool]: Opening a new connection, currently in state init
[0m11:56:44.702578 [debug] [ThreadPool]: Opening a new connection, currently in state init
[0m11:56:44.708069 [debug] [ThreadPool]: SQL status: BEGIN in 0.006 seconds
[0m11:56:44.708401 [debug] [ThreadPool]: Using postgres connection "list_db_dev_marts"
[0m11:56:44.708273 [debug] [ThreadPool]: SQL status: BEGIN in 0.006 seconds
[0m11:56:44.708551 [debug] [ThreadPool]: On list_db_dev_marts: /* {"app": "dbt", "dbt_version": "1.12.5", "profile_name": "weather", "target_name": "dev", "connection_name": "list_db_dev_marts"} */
select
      'db' as database,
      tablename as name,
      schemaname as schema,
      'table' as type
    from pg_tables
    where schemaname ilike 'dev_marts'
    union all
    select
      'db' as database,
      viewname as name,
      schemaname as schema,
      'view' as type
    from pg_views
    where schemaname ilike 'dev_marts'
    union all
    select
      'db' as database,
      matviewname as name,
      schemaname as schema,
      'materialized_view' as type
    from pg_matviews
    where schemaname ilike 'dev_marts'
  
[0m11:56:44.708719 [debug] [ThreadPool]: Using postgres connection "list_db_dev_staging"
[0m11:56:44.708940 [debug] [ThreadPool]: On list_db_dev_staging: /* {"app": "dbt", "dbt_version": "1.12.5", "profile_name": "weather", "target_name": "dev", "connection_name": "list_db_dev_staging"} */
select
      'db' as database,
      tablename as name,
      schemaname as schema,
      'table' as type
    from pg_tables
    where schemaname ilike 'dev_staging'
    union all
    select
      'db' as database,
      viewname as name,
      schemaname as schema,
      'view' as type
    from pg_views
    where schemaname ilike 'dev_staging'
    union all
    select
      'db' as database,
      matviewname as name,
      schemaname as schema,
      'materialized_view' as type
    from pg_matviews
    where schemaname ilike 'dev_staging'
  
[0m11:56:44.709936 [debug] [ThreadPool]: SQL status: SELECT 1 in 0.001 seconds
[0m11:56:44.710104 [debug] [ThreadPool]: SQL status: SELECT 2 in 0.001 seconds
[0m11:56:44.710664 [debug] [ThreadPool]: On list_db_dev_staging: ROLLBACK
[0m11:56:44.711163 [debug] [ThreadPool]: On list_db_dev_marts: ROLLBACK
[0m11:56:44.711387 [debug] [ThreadPool]: On list_db_dev_staging: Close
[0m11:56:44.711497 [debug] [ThreadPool]: On list_db_dev_marts: Close
[0m11:56:44.713438 [debug] [MainThread]: Using postgres connection "master"
[0m11:56:44.713589 [debug] [MainThread]: On master: BEGIN
[0m11:56:44.713720 [debug] [MainThread]: Opening a new connection, currently in state init
[0m11:56:44.716745 [debug] [MainThread]: SQL status: BEGIN in 0.003 seconds
[0m11:56:44.716894 [debug] [MainThread]: Using postgres connection "master"
[0m11:56:44.717049 [debug] [MainThread]: On master: /* {"app": "dbt", "dbt_version": "1.12.5", "profile_name": "weather", "target_name": "dev", "connection_name": "master"} */
select distinct
        dependent_namespace.nspname as dependent_schema,
        dependent_class.relname as dependent_name,
        referenced_namespace.nspname as referenced_schema,
        referenced_class.relname as referenced_name

    -- Query for views: views are entries in pg_class with an entry in pg_rewrite, but we avoid
    -- a seq scan on pg_rewrite by leveraging the fact there is an "internal" row in pg_depend for
    -- the view...
    from pg_class as dependent_class
    join pg_namespace as dependent_namespace on dependent_namespace.oid = dependent_class.relnamespace
    join pg_depend as dependent_depend on dependent_depend.refobjid = dependent_class.oid
        and dependent_depend.classid = 'pg_rewrite'::regclass
        and dependent_depend.refclassid = 'pg_class'::regclass
        and dependent_depend.deptype = 'i'

    -- ... and via pg_depend (that has a row per column, hence the need for "distinct" above, and
    -- making sure to exclude the internal row to avoid a view appearing to depend on itself)...
    join pg_depend as joining_depend on joining_depend.objid = dependent_depend.objid
        and joining_depend.classid = 'pg_rewrite'::regclass
        and joining_depend.refclassid = 'pg_class'::regclass
        and joining_depend.refobjid != dependent_depend.refobjid

    -- ... we can find the tables they query from in pg_class, but excluding system tables. Note we
    -- don't need need to exclude _dependent_ system tables, because they only query from other
    -- system tables, and so are automatically excluded by excluding _referenced_ system tables
    join pg_class as referenced_class on referenced_class.oid = joining_depend.refobjid
    join pg_namespace as referenced_namespace on referenced_namespace.oid = referenced_class.relnamespace
        and referenced_namespace.nspname != 'information_schema'
        and referenced_namespace.nspname not like 'pg\_%'

    order by
        dependent_schema, dependent_name, referenced_schema, referenced_name;
[0m11:56:44.718506 [debug] [MainThread]: SQL status: SELECT 1 in 0.001 seconds
[0m11:56:44.718977 [debug] [MainThread]: Sending event: {'category': 'dbt', 'action': 'runnable_timing', 'label': 'e8951776-8196-4060-853b-ecdcfc70d19e', 'context': [<snowplow_tracker.self_describing_json.SelfDescribingJson object at 0xffffadfcf040>]}
[0m11:56:44.719183 [debug] [MainThread]: On master: ROLLBACK
[0m11:56:44.719381 [debug] [MainThread]: Using postgres connection "master"
[0m11:56:44.719509 [debug] [MainThread]: On master: BEGIN
[0m11:56:44.719736 [debug] [MainThread]: SQL status: BEGIN in 0.000 seconds
[0m11:56:44.719866 [debug] [MainThread]: On master: COMMIT
[0m11:56:44.719990 [debug] [MainThread]: Using postgres connection "master"
[0m11:56:44.720109 [debug] [MainThread]: On master: COMMIT
[0m11:56:44.720322 [debug] [MainThread]: SQL status: COMMIT in 0.000 seconds
[0m11:56:44.720449 [debug] [MainThread]: On master: Close
[0m11:56:44.721817 [debug] [Thread-2 (]: Began running node test.weather.not_null_dim_location_city.9914acb951
[0m11:56:44.721990 [debug] [Thread-3 (]: Began running node test.weather.not_null_dim_location_location_key.c1a2c0b86c
[0m11:56:44.722145 [debug] [Thread-4 (]: Began running node test.weather.not_null_fct_weather_observation_location_key.460574f20b
[0m11:56:44.722308 [debug] [Thread-1 (]: Began running node test.weather.dbt_utils_accepted_range_fallback_fct_weather_observation_temperature_c__60___90.97bfbc5ec5
[0m11:56:44.722454 [info ] [Thread-2 (]: 2 of 16 START test not_null_dim_location_city .................................. [RUN]
[0m11:56:44.722667 [info ] [Thread-3 (]: 3 of 16 START test not_null_dim_location_location_key .......................... [RUN]
[0m11:56:44.722864 [info ] [Thread-4 (]: 4 of 16 START test not_null_fct_weather_observation_location_key ............... [RUN]
[0m11:56:44.723064 [info ] [Thread-1 (]: 1 of 16 START test dbt_utils_accepted_range_fallback_fct_weather_observation_temperature_c__60___90  [RUN]
[0m11:56:44.723314 [debug] [Thread-2 (]: Re-using an available connection from the pool (formerly list_db_dev_marts, now test.weather.not_null_dim_location_city.9914acb951)
[0m11:56:44.723529 [debug] [Thread-3 (]: Acquiring new postgres connection 'test.weather.not_null_dim_location_location_key.c1a2c0b86c'
[0m11:56:44.723752 [debug] [Thread-4 (]: Acquiring new postgres connection 'test.weather.not_null_fct_weather_observation_location_key.460574f20b'
[0m11:56:44.723947 [debug] [Thread-1 (]: Re-using an available connection from the pool (formerly list_db_dev_staging, now test.weather.dbt_utils_accepted_range_fallback_fct_weather_observation_temperature_c__60___90.97bfbc5ec5)
[0m11:56:44.724108 [debug] [Thread-2 (]: Began compiling node test.weather.not_null_dim_location_city.9914acb951
[0m11:56:44.724274 [debug] [Thread-3 (]: Began compiling node test.weather.not_null_dim_location_location_key.c1a2c0b86c
[0m11:56:44.724432 [debug] [Thread-4 (]: Began compiling node test.weather.not_null_fct_weather_observation_location_key.460574f20b
[0m11:56:44.724594 [debug] [Thread-1 (]: Began compiling node test.weather.dbt_utils_accepted_range_fallback_fct_weather_observation_temperature_c__60___90.97bfbc5ec5
[0m11:56:44.732188 [debug] [Thread-2 (]: Writing injected SQL for node "test.weather.not_null_dim_location_city.9914acb951"
[0m11:56:44.734624 [debug] [Thread-3 (]: Writing injected SQL for node "test.weather.not_null_dim_location_location_key.c1a2c0b86c"
[0m11:56:44.736985 [debug] [Thread-4 (]: Writing injected SQL for node "test.weather.not_null_fct_weather_observation_location_key.460574f20b"
[0m11:56:44.740020 [debug] [Thread-1 (]: Writing injected SQL for node "test.weather.dbt_utils_accepted_range_fallback_fct_weather_observation_temperature_c__60___90.97bfbc5ec5"
[0m11:56:44.742597 [debug] [Thread-2 (]: Began executing node test.weather.not_null_dim_location_city.9914acb951
[0m11:56:44.742760 [debug] [Thread-3 (]: Began executing node test.weather.not_null_dim_location_location_key.c1a2c0b86c
[0m11:56:44.742928 [debug] [Thread-4 (]: Began executing node test.weather.not_null_fct_weather_observation_location_key.460574f20b
[0m11:56:44.749704 [debug] [Thread-2 (]: Writing runtime sql for node "test.weather.not_null_dim_location_city.9914acb951"
[0m11:56:44.749869 [debug] [Thread-1 (]: Began executing node test.weather.dbt_utils_accepted_range_fallback_fct_weather_observation_temperature_c__60___90.97bfbc5ec5
[0m11:56:44.751715 [debug] [Thread-1 (]: Writing runtime sql for node "test.weather.dbt_utils_accepted_range_fallback_fct_weather_observation_temperature_c__60___90.97bfbc5ec5"
[0m11:56:44.751054 [debug] [Thread-4 (]: Writing runtime sql for node "test.weather.not_null_fct_weather_observation_location_key.460574f20b"
[0m11:56:44.750468 [debug] [Thread-3 (]: Writing runtime sql for node "test.weather.not_null_dim_location_location_key.c1a2c0b86c"
[0m11:56:44.752438 [debug] [Thread-1 (]: Using postgres connection "test.weather.dbt_utils_accepted_range_fallback_fct_weather_observation_temperature_c__60___90.97bfbc5ec5"
[0m11:56:44.752650 [debug] [Thread-2 (]: Using postgres connection "test.weather.not_null_dim_location_city.9914acb951"
[0m11:56:44.752793 [debug] [Thread-1 (]: On test.weather.dbt_utils_accepted_range_fallback_fct_weather_observation_temperature_c__60___90.97bfbc5ec5: BEGIN
[0m11:56:44.752945 [debug] [Thread-4 (]: Using postgres connection "test.weather.not_null_fct_weather_observation_location_key.460574f20b"
[0m11:56:44.753152 [debug] [Thread-2 (]: On test.weather.not_null_dim_location_city.9914acb951: BEGIN
[0m11:56:44.753434 [debug] [Thread-3 (]: Using postgres connection "test.weather.not_null_dim_location_location_key.c1a2c0b86c"
[0m11:56:44.753649 [debug] [Thread-1 (]: Opening a new connection, currently in state closed
[0m11:56:44.753859 [debug] [Thread-4 (]: On test.weather.not_null_fct_weather_observation_location_key.460574f20b: BEGIN
[0m11:56:44.754502 [debug] [Thread-4 (]: Opening a new connection, currently in state init
[0m11:56:44.754180 [debug] [Thread-3 (]: On test.weather.not_null_dim_location_location_key.c1a2c0b86c: BEGIN
[0m11:56:44.754017 [debug] [Thread-2 (]: Opening a new connection, currently in state closed
[0m11:56:44.754895 [debug] [Thread-3 (]: Opening a new connection, currently in state init
[0m11:56:44.758628 [debug] [Thread-1 (]: SQL status: BEGIN in 0.005 seconds
[0m11:56:44.758786 [debug] [Thread-2 (]: SQL status: BEGIN in 0.005 seconds
[0m11:56:44.758935 [debug] [Thread-1 (]: Using postgres connection "test.weather.dbt_utils_accepted_range_fallback_fct_weather_observation_temperature_c__60___90.97bfbc5ec5"
[0m11:56:44.759127 [debug] [Thread-2 (]: Using postgres connection "test.weather.not_null_dim_location_city.9914acb951"
[0m11:56:44.759287 [debug] [Thread-4 (]: SQL status: BEGIN in 0.005 seconds
[0m11:56:44.759440 [debug] [Thread-1 (]: On test.weather.dbt_utils_accepted_range_fallback_fct_weather_observation_temperature_c__60___90.97bfbc5ec5: /* {"app": "dbt", "dbt_version": "1.12.5", "profile_name": "weather", "target_name": "dev", "node_id": "test.weather.dbt_utils_accepted_range_fallback_fct_weather_observation_temperature_c__60___90.97bfbc5ec5"} */

    
    select
      count(*) as failures,
      count(*) != 0 as should_warn,
      count(*) != 0 as should_error
    from (
      
    
  
    select *
    from "db"."dev_marts"."fct_weather_observation"
    where temperature_c < -90
       or temperature_c > 60

  
  
      
    ) dbt_internal_test
[0m11:56:44.759629 [debug] [Thread-2 (]: On test.weather.not_null_dim_location_city.9914acb951: /* {"app": "dbt", "dbt_version": "1.12.5", "profile_name": "weather", "target_name": "dev", "node_id": "test.weather.not_null_dim_location_city.9914acb951"} */

    
    select
      count(*) as failures,
      count(*) != 0 as should_warn,
      count(*) != 0 as should_error
    from (
      
    
  
    
    



select city
from "db"."dev_marts"."dim_location"
where city is null



  
  
      
    ) dbt_internal_test
[0m11:56:44.759795 [debug] [Thread-4 (]: Using postgres connection "test.weather.not_null_fct_weather_observation_location_key.460574f20b"
[0m11:56:44.760298 [debug] [Thread-4 (]: On test.weather.not_null_fct_weather_observation_location_key.460574f20b: /* {"app": "dbt", "dbt_version": "1.12.5", "profile_name": "weather", "target_name": "dev", "node_id": "test.weather.not_null_fct_weather_observation_location_key.460574f20b"} */

    
    select
      count(*) as failures,
      count(*) != 0 as should_warn,
      count(*) != 0 as should_error
    from (
      
    
  
    
    



select location_key
from "db"."dev_marts"."fct_weather_observation"
where location_key is null



  
  
      
    ) dbt_internal_test
[0m11:56:44.760470 [debug] [Thread-1 (]: SQL status: SELECT 1 in 0.000 seconds
[0m11:56:44.760613 [debug] [Thread-2 (]: SQL status: SELECT 1 in 0.001 seconds
[0m11:56:44.762844 [debug] [Thread-1 (]: On test.weather.dbt_utils_accepted_range_fallback_fct_weather_observation_temperature_c__60___90.97bfbc5ec5: ROLLBACK
[0m11:56:44.763178 [debug] [Thread-3 (]: SQL status: BEGIN in 0.008 seconds
[0m11:56:44.763033 [debug] [Thread-4 (]: SQL status: SELECT 1 in 0.002 seconds
[0m11:56:44.763805 [debug] [Thread-2 (]: On test.weather.not_null_dim_location_city.9914acb951: ROLLBACK
[0m11:56:44.764155 [debug] [Thread-1 (]: On test.weather.dbt_utils_accepted_range_fallback_fct_weather_observation_temperature_c__60___90.97bfbc5ec5: Close
[0m11:56:44.764344 [debug] [Thread-3 (]: Using postgres connection "test.weather.not_null_dim_location_location_key.c1a2c0b86c"
[0m11:56:44.765577 [debug] [Thread-3 (]: On test.weather.not_null_dim_location_location_key.c1a2c0b86c: /* {"app": "dbt", "dbt_version": "1.12.5", "profile_name": "weather", "target_name": "dev", "node_id": "test.weather.not_null_dim_location_location_key.c1a2c0b86c"} */

    
    select
      count(*) as failures,
      count(*) != 0 as should_warn,
      count(*) != 0 as should_error
    from (
      
    
  
    
    



select location_key
from "db"."dev_marts"."dim_location"
where location_key is null



  
  
      
    ) dbt_internal_test
[0m11:56:44.765378 [info ] [Thread-1 (]: 1 of 16 PASS dbt_utils_accepted_range_fallback_fct_weather_observation_temperature_c__60___90  [[32mPASS[0m in 0.04s]
[0m11:56:44.764957 [debug] [Thread-4 (]: On test.weather.not_null_fct_weather_observation_location_key.460574f20b: ROLLBACK
[0m11:56:44.765751 [debug] [Thread-2 (]: On test.weather.not_null_dim_location_city.9914acb951: Close
[0m11:56:44.766071 [debug] [Thread-1 (]: Finished running node test.weather.dbt_utils_accepted_range_fallback_fct_weather_observation_temperature_c__60___90.97bfbc5ec5
[0m11:56:44.766259 [debug] [Thread-3 (]: SQL status: SELECT 1 in 0.000 seconds
[0m11:56:44.767526 [debug] [Thread-3 (]: On test.weather.not_null_dim_location_location_key.c1a2c0b86c: ROLLBACK
[0m11:56:44.766696 [info ] [Thread-2 (]: 2 of 16 PASS not_null_dim_location_city ........................................ [[32mPASS[0m in 0.04s]
[0m11:56:44.766918 [debug] [Thread-1 (]: Began running node test.weather.not_null_fct_weather_observation_observation_id.d4d626336e
[0m11:56:44.766435 [debug] [Thread-4 (]: On test.weather.not_null_fct_weather_observation_location_key.460574f20b: Close
[0m11:56:44.768453 [info ] [Thread-4 (]: 4 of 16 PASS not_null_fct_weather_observation_location_key ..................... [[32mPASS[0m in 0.04s]
[0m11:56:44.767969 [debug] [Thread-2 (]: Finished running node test.weather.not_null_dim_location_city.9914acb951
[0m11:56:44.768176 [info ] [Thread-1 (]: 5 of 16 START test not_null_fct_weather_observation_observation_id ............. [RUN]
[0m11:56:44.767745 [debug] [Thread-3 (]: On test.weather.not_null_dim_location_location_key.c1a2c0b86c: Close
[0m11:56:44.769378 [info ] [Thread-3 (]: 3 of 16 PASS not_null_dim_location_location_key ................................ [[32mPASS[0m in 0.05s]
[0m11:56:44.768875 [debug] [Thread-2 (]: Began running node test.weather.not_null_fct_weather_observation_observed_at.de8c4970c5
[0m11:56:44.769091 [debug] [Thread-1 (]: Re-using an available connection from the pool (formerly test.weather.dbt_utils_accepted_range_fallback_fct_weather_observation_temperature_c__60___90.97bfbc5ec5, now test.weather.not_null_fct_weather_observation_observation_id.d4d626336e)
[0m11:56:44.768682 [debug] [Thread-4 (]: Finished running node test.weather.not_null_fct_weather_observation_location_key.460574f20b
[0m11:56:44.770218 [debug] [Thread-4 (]: Began running node test.weather.not_null_fct_weather_observation_temperature_c.3bf5f9c541
[0m11:56:44.769815 [info ] [Thread-2 (]: 6 of 16 START test not_null_fct_weather_observation_observed_at ................ [RUN]
[0m11:56:44.770019 [debug] [Thread-1 (]: Began compiling node test.weather.not_null_fct_weather_observation_observation_id.d4d626336e
[0m11:56:44.769628 [debug] [Thread-3 (]: Finished running node test.weather.not_null_dim_location_location_key.c1a2c0b86c
[0m11:56:44.773795 [debug] [Thread-3 (]: Began running node test.weather.not_null_stg_weather_city.c03e0c0127
[0m11:56:44.770616 [debug] [Thread-2 (]: Re-using an available connection from the pool (formerly test.weather.not_null_dim_location_city.9914acb951, now test.weather.not_null_fct_weather_observation_observed_at.de8c4970c5)
[0m11:56:44.773614 [debug] [Thread-1 (]: Writing injected SQL for node "test.weather.not_null_fct_weather_observation_observation_id.d4d626336e"
[0m11:56:44.770399 [info ] [Thread-4 (]: 7 of 16 START test not_null_fct_weather_observation_temperature_c .............. [RUN]
[0m11:56:44.773957 [info ] [Thread-3 (]: 8 of 16 START test not_null_stg_weather_city ................................... [RUN]
[0m11:56:44.774186 [debug] [Thread-2 (]: Began compiling node test.weather.not_null_fct_weather_observation_observed_at.de8c4970c5
[0m11:56:44.774495 [debug] [Thread-4 (]: Re-using an available connection from the pool (formerly test.weather.not_null_fct_weather_observation_location_key.460574f20b, now test.weather.not_null_fct_weather_observation_temperature_c.3bf5f9c541)
[0m11:56:44.777471 [debug] [Thread-4 (]: Began compiling node test.weather.not_null_fct_weather_observation_temperature_c.3bf5f9c541
[0m11:56:44.777134 [debug] [Thread-2 (]: Writing injected SQL for node "test.weather.not_null_fct_weather_observation_observed_at.de8c4970c5"
[0m11:56:44.777324 [debug] [Thread-1 (]: Began executing node test.weather.not_null_fct_weather_observation_observation_id.d4d626336e
[0m11:56:44.774717 [debug] [Thread-3 (]: Re-using an available connection from the pool (formerly test.weather.not_null_dim_location_location_key.c1a2c0b86c, now test.weather.not_null_stg_weather_city.c03e0c0127)
[0m11:56:44.779798 [debug] [Thread-4 (]: Writing injected SQL for node "test.weather.not_null_fct_weather_observation_temperature_c.3bf5f9c541"
[0m11:56:44.780501 [debug] [Thread-1 (]: Writing runtime sql for node "test.weather.not_null_fct_weather_observation_observation_id.d4d626336e"
[0m11:56:44.780684 [debug] [Thread-3 (]: Began compiling node test.weather.not_null_stg_weather_city.c03e0c0127
[0m11:56:44.780893 [debug] [Thread-2 (]: Began executing node test.weather.not_null_fct_weather_observation_observed_at.de8c4970c5
[0m11:56:44.783565 [debug] [Thread-3 (]: Writing injected SQL for node "test.weather.not_null_stg_weather_city.c03e0c0127"
[0m11:56:44.784222 [debug] [Thread-2 (]: Writing runtime sql for node "test.weather.not_null_fct_weather_observation_observed_at.de8c4970c5"
[0m11:56:44.784398 [debug] [Thread-4 (]: Began executing node test.weather.not_null_fct_weather_observation_temperature_c.3bf5f9c541
[0m11:56:44.784602 [debug] [Thread-1 (]: Using postgres connection "test.weather.not_null_fct_weather_observation_observation_id.d4d626336e"
[0m11:56:44.785359 [debug] [Thread-4 (]: Writing runtime sql for node "test.weather.not_null_fct_weather_observation_temperature_c.3bf5f9c541"
[0m11:56:44.785555 [debug] [Thread-1 (]: On test.weather.not_null_fct_weather_observation_observation_id.d4d626336e: BEGIN
[0m11:56:44.785725 [debug] [Thread-3 (]: Began executing node test.weather.not_null_stg_weather_city.c03e0c0127
[0m11:56:44.785929 [debug] [Thread-2 (]: Using postgres connection "test.weather.not_null_fct_weather_observation_observed_at.de8c4970c5"
[0m11:56:44.786060 [debug] [Thread-1 (]: Opening a new connection, currently in state closed
[0m11:56:44.786835 [debug] [Thread-3 (]: Writing runtime sql for node "test.weather.not_null_stg_weather_city.c03e0c0127"
[0m11:56:44.787010 [debug] [Thread-2 (]: On test.weather.not_null_fct_weather_observation_observed_at.de8c4970c5: BEGIN
[0m11:56:44.787190 [debug] [Thread-4 (]: Using postgres connection "test.weather.not_null_fct_weather_observation_temperature_c.3bf5f9c541"
[0m11:56:44.787476 [debug] [Thread-2 (]: Opening a new connection, currently in state closed
[0m11:56:44.787683 [debug] [Thread-4 (]: On test.weather.not_null_fct_weather_observation_temperature_c.3bf5f9c541: BEGIN
[0m11:56:44.787972 [debug] [Thread-4 (]: Opening a new connection, currently in state closed
[0m11:56:44.788166 [debug] [Thread-3 (]: Using postgres connection "test.weather.not_null_stg_weather_city.c03e0c0127"
[0m11:56:44.788459 [debug] [Thread-3 (]: On test.weather.not_null_stg_weather_city.c03e0c0127: BEGIN
[0m11:56:44.788720 [debug] [Thread-3 (]: Opening a new connection, currently in state closed
[0m11:56:44.790986 [debug] [Thread-1 (]: SQL status: BEGIN in 0.005 seconds
[0m11:56:44.791170 [debug] [Thread-1 (]: Using postgres connection "test.weather.not_null_fct_weather_observation_observation_id.d4d626336e"
[0m11:56:44.791325 [debug] [Thread-2 (]: SQL status: BEGIN in 0.004 seconds
[0m11:56:44.791503 [debug] [Thread-1 (]: On test.weather.not_null_fct_weather_observation_observation_id.d4d626336e: /* {"app": "dbt", "dbt_version": "1.12.5", "profile_name": "weather", "target_name": "dev", "node_id": "test.weather.not_null_fct_weather_observation_observation_id.d4d626336e"} */

    
    select
      count(*) as failures,
      count(*) != 0 as should_warn,
      count(*) != 0 as should_error
    from (
      
    
  
    
    



select observation_id
from "db"."dev_marts"."fct_weather_observation"
where observation_id is null



  
  
      
    ) dbt_internal_test
[0m11:56:44.791692 [debug] [Thread-2 (]: Using postgres connection "test.weather.not_null_fct_weather_observation_observed_at.de8c4970c5"
[0m11:56:44.792095 [debug] [Thread-2 (]: On test.weather.not_null_fct_weather_observation_observed_at.de8c4970c5: /* {"app": "dbt", "dbt_version": "1.12.5", "profile_name": "weather", "target_name": "dev", "node_id": "test.weather.not_null_fct_weather_observation_observed_at.de8c4970c5"} */

    
    select
      count(*) as failures,
      count(*) != 0 as should_warn,
      count(*) != 0 as should_error
    from (
      
    
  
    
    



select observed_at
from "db"."dev_marts"."fct_weather_observation"
where observed_at is null



  
  
      
    ) dbt_internal_test
[0m11:56:44.791962 [debug] [Thread-4 (]: SQL status: BEGIN in 0.004 seconds
[0m11:56:44.792257 [debug] [Thread-1 (]: SQL status: SELECT 1 in 0.000 seconds
[0m11:56:44.792419 [debug] [Thread-4 (]: Using postgres connection "test.weather.not_null_fct_weather_observation_temperature_c.3bf5f9c541"
[0m11:56:44.792606 [debug] [Thread-2 (]: SQL status: SELECT 1 in 0.000 seconds
[0m11:56:44.793271 [debug] [Thread-1 (]: On test.weather.not_null_fct_weather_observation_observation_id.d4d626336e: ROLLBACK
[0m11:56:44.793450 [debug] [Thread-4 (]: On test.weather.not_null_fct_weather_observation_temperature_c.3bf5f9c541: /* {"app": "dbt", "dbt_version": "1.12.5", "profile_name": "weather", "target_name": "dev", "node_id": "test.weather.not_null_fct_weather_observation_temperature_c.3bf5f9c541"} */

    
    select
      count(*) as failures,
      count(*) != 0 as should_warn,
      count(*) != 0 as should_error
    from (
      
    
  
    
    



select temperature_c
from "db"."dev_marts"."fct_weather_observation"
where temperature_c is null



  
  
      
    ) dbt_internal_test
[0m11:56:44.793604 [debug] [Thread-3 (]: SQL status: BEGIN in 0.005 seconds
[0m11:56:44.794175 [debug] [Thread-2 (]: On test.weather.not_null_fct_weather_observation_observed_at.de8c4970c5: ROLLBACK
[0m11:56:44.794407 [debug] [Thread-1 (]: On test.weather.not_null_fct_weather_observation_observation_id.d4d626336e: Close
[0m11:56:44.794548 [debug] [Thread-3 (]: Using postgres connection "test.weather.not_null_stg_weather_city.c03e0c0127"
[0m11:56:44.794704 [debug] [Thread-4 (]: SQL status: SELECT 1 in 0.000 seconds
[0m11:56:44.794881 [debug] [Thread-2 (]: On test.weather.not_null_fct_weather_observation_observed_at.de8c4970c5: Close
[0m11:56:44.795146 [info ] [Thread-1 (]: 5 of 16 PASS not_null_fct_weather_observation_observation_id ................... [[32mPASS[0m in 0.03s]
[0m11:56:44.795314 [debug] [Thread-3 (]: On test.weather.not_null_stg_weather_city.c03e0c0127: /* {"app": "dbt", "dbt_version": "1.12.5", "profile_name": "weather", "target_name": "dev", "node_id": "test.weather.not_null_stg_weather_city.c03e0c0127"} */

    
    select
      count(*) as failures,
      count(*) != 0 as should_warn,
      count(*) != 0 as should_error
    from (
      
    
  
    
    



select city
from "db"."dev_staging"."stg_weather"
where city is null



  
  
      
    ) dbt_internal_test
[0m11:56:44.795932 [debug] [Thread-4 (]: On test.weather.not_null_fct_weather_observation_temperature_c.3bf5f9c541: ROLLBACK
[0m11:56:44.796374 [info ] [Thread-2 (]: 6 of 16 PASS not_null_fct_weather_observation_observed_at ...................... [[32mPASS[0m in 0.03s]
[0m11:56:44.796611 [debug] [Thread-1 (]: Finished running node test.weather.not_null_fct_weather_observation_observation_id.d4d626336e
[0m11:56:44.796921 [debug] [Thread-2 (]: Finished running node test.weather.not_null_fct_weather_observation_observed_at.de8c4970c5
[0m11:56:44.797047 [debug] [Thread-4 (]: On test.weather.not_null_fct_weather_observation_temperature_c.3bf5f9c541: Close
[0m11:56:44.797223 [debug] [Thread-3 (]: SQL status: SELECT 1 in 0.000 seconds
[0m11:56:44.797397 [debug] [Thread-1 (]: Began running node test.weather.not_null_stg_weather_observation_id.ff421f4d37
[0m11:56:44.797588 [debug] [Thread-2 (]: Began running node test.weather.not_null_stg_weather_observed_at.3c5a1584f0
[0m11:56:44.798788 [info ] [Thread-2 (]: 10 of 16 START test not_null_stg_weather_observed_at ........................... [RUN]
[0m11:56:44.798407 [debug] [Thread-3 (]: On test.weather.not_null_stg_weather_city.c03e0c0127: ROLLBACK
[0m11:56:44.798594 [info ] [Thread-1 (]: 9 of 16 START test not_null_stg_weather_observation_id ......................... [RUN]
[0m11:56:44.797840 [info ] [Thread-4 (]: 7 of 16 PASS not_null_fct_weather_observation_temperature_c .................... [[32mPASS[0m in 0.02s]
[0m11:56:44.799613 [debug] [Thread-4 (]: Finished running node test.weather.not_null_fct_weather_observation_temperature_c.3bf5f9c541
[0m11:56:44.799243 [debug] [Thread-1 (]: Re-using an available connection from the pool (formerly test.weather.not_null_fct_weather_observation_observation_id.d4d626336e, now test.weather.not_null_stg_weather_observation_id.ff421f4d37)
[0m11:56:44.799385 [debug] [Thread-3 (]: On test.weather.not_null_stg_weather_city.c03e0c0127: Close
[0m11:56:44.798982 [debug] [Thread-2 (]: Re-using an available connection from the pool (formerly test.weather.not_null_fct_weather_observation_observed_at.de8c4970c5, now test.weather.not_null_stg_weather_observed_at.3c5a1584f0)
[0m11:56:44.800557 [debug] [Thread-2 (]: Began compiling node test.weather.not_null_stg_weather_observed_at.3c5a1584f0
[0m11:56:44.799987 [debug] [Thread-1 (]: Began compiling node test.weather.not_null_stg_weather_observation_id.ff421f4d37
[0m11:56:44.800292 [info ] [Thread-3 (]: 8 of 16 PASS not_null_stg_weather_city ......................................... [[32mPASS[0m in 0.03s]
[0m11:56:44.799772 [debug] [Thread-4 (]: Began running node test.weather.not_null_stg_weather_temperature_c.3a7a09f65f
[0m11:56:44.805067 [debug] [Thread-2 (]: Writing injected SQL for node "test.weather.not_null_stg_weather_observed_at.3c5a1584f0"
[0m11:56:44.807645 [debug] [Thread-1 (]: Writing injected SQL for node "test.weather.not_null_stg_weather_observation_id.ff421f4d37"
[0m11:56:44.807931 [debug] [Thread-3 (]: Finished running node test.weather.not_null_stg_weather_city.c03e0c0127
[0m11:56:44.808152 [info ] [Thread-4 (]: 11 of 16 START test not_null_stg_weather_temperature_c ......................... [RUN]
[0m11:56:44.808605 [debug] [Thread-3 (]: Began running node test.weather.relationships_fct_weather_observation_location_key__location_key__ref_dim_location_.2ce5c71a08
[0m11:56:44.808927 [debug] [Thread-4 (]: Re-using an available connection from the pool (formerly test.weather.not_null_fct_weather_observation_temperature_c.3bf5f9c541, now test.weather.not_null_stg_weather_temperature_c.3a7a09f65f)
[0m11:56:44.809069 [debug] [Thread-2 (]: Began executing node test.weather.not_null_stg_weather_observed_at.3c5a1584f0
[0m11:56:44.809307 [info ] [Thread-3 (]: 12 of 16 START test relationships_fct_weather_observation_location_key__location_key__ref_dim_location_  [RUN]
[0m11:56:44.809489 [debug] [Thread-1 (]: Began executing node test.weather.not_null_stg_weather_observation_id.ff421f4d37
[0m11:56:44.809683 [debug] [Thread-4 (]: Began compiling node test.weather.not_null_stg_weather_temperature_c.3a7a09f65f
[0m11:56:44.810457 [debug] [Thread-2 (]: Writing runtime sql for node "test.weather.not_null_stg_weather_observed_at.3c5a1584f0"
[0m11:56:44.810724 [debug] [Thread-3 (]: Re-using an available connection from the pool (formerly test.weather.not_null_stg_weather_city.c03e0c0127, now test.weather.relationships_fct_weather_observation_location_key__location_key__ref_dim_location_.2ce5c71a08)
[0m11:56:44.811401 [debug] [Thread-1 (]: Writing runtime sql for node "test.weather.not_null_stg_weather_observation_id.ff421f4d37"
[0m11:56:44.814129 [debug] [Thread-4 (]: Writing injected SQL for node "test.weather.not_null_stg_weather_temperature_c.3a7a09f65f"
[0m11:56:44.814394 [debug] [Thread-3 (]: Began compiling node test.weather.relationships_fct_weather_observation_location_key__location_key__ref_dim_location_.2ce5c71a08
[0m11:56:44.820507 [debug] [Thread-2 (]: Using postgres connection "test.weather.not_null_stg_weather_observed_at.3c5a1584f0"
[0m11:56:44.823039 [debug] [Thread-3 (]: Writing injected SQL for node "test.weather.relationships_fct_weather_observation_location_key__location_key__ref_dim_location_.2ce5c71a08"
[0m11:56:44.823237 [debug] [Thread-2 (]: On test.weather.not_null_stg_weather_observed_at.3c5a1584f0: BEGIN
[0m11:56:44.824086 [debug] [Thread-2 (]: Opening a new connection, currently in state closed
[0m11:56:44.823925 [debug] [Thread-1 (]: Using postgres connection "test.weather.not_null_stg_weather_observation_id.ff421f4d37"
[0m11:56:44.823751 [debug] [Thread-4 (]: Began executing node test.weather.not_null_stg_weather_temperature_c.3a7a09f65f
[0m11:56:44.824468 [debug] [Thread-1 (]: On test.weather.not_null_stg_weather_observation_id.ff421f4d37: BEGIN
[0m11:56:44.824840 [debug] [Thread-3 (]: Began executing node test.weather.relationships_fct_weather_observation_location_key__location_key__ref_dim_location_.2ce5c71a08
[0m11:56:44.827416 [debug] [Thread-4 (]: Writing runtime sql for node "test.weather.not_null_stg_weather_temperature_c.3a7a09f65f"
[0m11:56:44.827651 [debug] [Thread-1 (]: Opening a new connection, currently in state closed
[0m11:56:44.827887 [debug] [Thread-2 (]: SQL status: BEGIN in 0.004 seconds
[0m11:56:44.828605 [debug] [Thread-3 (]: Writing runtime sql for node "test.weather.relationships_fct_weather_observation_location_key__location_key__ref_dim_location_.2ce5c71a08"
[0m11:56:44.829136 [debug] [Thread-2 (]: Using postgres connection "test.weather.not_null_stg_weather_observed_at.3c5a1584f0"
[0m11:56:44.829597 [debug] [Thread-2 (]: On test.weather.not_null_stg_weather_observed_at.3c5a1584f0: /* {"app": "dbt", "dbt_version": "1.12.5", "profile_name": "weather", "target_name": "dev", "node_id": "test.weather.not_null_stg_weather_observed_at.3c5a1584f0"} */

    
    select
      count(*) as failures,
      count(*) != 0 as should_warn,
      count(*) != 0 as should_error
    from (
      
    
  
    
    



select observed_at
from "db"."dev_staging"."stg_weather"
where observed_at is null



  
  
      
    ) dbt_internal_test
[0m11:56:44.829858 [debug] [Thread-4 (]: Using postgres connection "test.weather.not_null_stg_weather_temperature_c.3a7a09f65f"
[0m11:56:44.830347 [debug] [Thread-4 (]: On test.weather.not_null_stg_weather_temperature_c.3a7a09f65f: BEGIN
[0m11:56:44.830531 [debug] [Thread-2 (]: SQL status: SELECT 1 in 0.001 seconds
[0m11:56:44.830718 [debug] [Thread-3 (]: Using postgres connection "test.weather.relationships_fct_weather_observation_location_key__location_key__ref_dim_location_.2ce5c71a08"
[0m11:56:44.831267 [debug] [Thread-4 (]: Opening a new connection, currently in state closed
[0m11:56:44.831977 [debug] [Thread-2 (]: On test.weather.not_null_stg_weather_observed_at.3c5a1584f0: ROLLBACK
[0m11:56:44.833172 [debug] [Thread-3 (]: On test.weather.relationships_fct_weather_observation_location_key__location_key__ref_dim_location_.2ce5c71a08: BEGIN
[0m11:56:44.833574 [debug] [Thread-3 (]: Opening a new connection, currently in state closed
[0m11:56:44.833750 [debug] [Thread-2 (]: On test.weather.not_null_stg_weather_observed_at.3c5a1584f0: Close
[0m11:56:44.833970 [debug] [Thread-1 (]: SQL status: BEGIN in 0.006 seconds
[0m11:56:44.834383 [info ] [Thread-2 (]: 10 of 16 PASS not_null_stg_weather_observed_at ................................. [[32mPASS[0m in 0.04s]
[0m11:56:44.834579 [debug] [Thread-1 (]: Using postgres connection "test.weather.not_null_stg_weather_observation_id.ff421f4d37"
[0m11:56:44.834992 [debug] [Thread-2 (]: Finished running node test.weather.not_null_stg_weather_observed_at.3c5a1584f0
[0m11:56:44.835219 [debug] [Thread-1 (]: On test.weather.not_null_stg_weather_observation_id.ff421f4d37: /* {"app": "dbt", "dbt_version": "1.12.5", "profile_name": "weather", "target_name": "dev", "node_id": "test.weather.not_null_stg_weather_observation_id.ff421f4d37"} */

    
    select
      count(*) as failures,
      count(*) != 0 as should_warn,
      count(*) != 0 as should_error
    from (
      
    
  
    
    



select observation_id
from "db"."dev_staging"."stg_weather"
where observation_id is null



  
  
      
    ) dbt_internal_test
[0m11:56:44.836255 [debug] [Thread-2 (]: Began running node test.weather.unique_dim_location_city.ed21a4e731
[0m11:56:44.836765 [debug] [Thread-4 (]: SQL status: BEGIN in 0.005 seconds
[0m11:56:44.837264 [info ] [Thread-2 (]: 13 of 16 START test unique_dim_location_city ................................... [RUN]
[0m11:56:44.837498 [debug] [Thread-4 (]: Using postgres connection "test.weather.not_null_stg_weather_temperature_c.3a7a09f65f"
[0m11:56:44.837662 [debug] [Thread-1 (]: SQL status: SELECT 1 in 0.000 seconds
[0m11:56:44.837836 [debug] [Thread-3 (]: SQL status: BEGIN in 0.004 seconds
[0m11:56:44.838015 [debug] [Thread-2 (]: Re-using an available connection from the pool (formerly test.weather.not_null_stg_weather_observed_at.3c5a1584f0, now test.weather.unique_dim_location_city.ed21a4e731)
[0m11:56:44.838201 [debug] [Thread-4 (]: On test.weather.not_null_stg_weather_temperature_c.3a7a09f65f: /* {"app": "dbt", "dbt_version": "1.12.5", "profile_name": "weather", "target_name": "dev", "node_id": "test.weather.not_null_stg_weather_temperature_c.3a7a09f65f"} */

    
    select
      count(*) as failures,
      count(*) != 0 as should_warn,
      count(*) != 0 as should_error
    from (
      
    
  
    
    



select temperature_c
from "db"."dev_staging"."stg_weather"
where temperature_c is null



  
  
      
    ) dbt_internal_test
[0m11:56:44.838874 [debug] [Thread-1 (]: On test.weather.not_null_stg_weather_observation_id.ff421f4d37: ROLLBACK
[0m11:56:44.839068 [debug] [Thread-3 (]: Using postgres connection "test.weather.relationships_fct_weather_observation_location_key__location_key__ref_dim_location_.2ce5c71a08"
[0m11:56:44.839585 [debug] [Thread-3 (]: On test.weather.relationships_fct_weather_observation_location_key__location_key__ref_dim_location_.2ce5c71a08: /* {"app": "dbt", "dbt_version": "1.12.5", "profile_name": "weather", "target_name": "dev", "node_id": "test.weather.relationships_fct_weather_observation_location_key__location_key__ref_dim_location_.2ce5c71a08"} */

    
    select
      count(*) as failures,
      count(*) != 0 as should_warn,
      count(*) != 0 as should_error
    from (
      
    
  
    
    

with child as (
    select location_key as from_field
    from "db"."dev_marts"."fct_weather_observation"
    where location_key is not null
),

parent as (
    select location_key as to_field
    from "db"."dev_marts"."dim_location"
)

select
    from_field

from child
left join parent
    on child.from_field = parent.to_field

where parent.to_field is null



  
  
      
    ) dbt_internal_test
[0m11:56:44.839298 [debug] [Thread-2 (]: Began compiling node test.weather.unique_dim_location_city.ed21a4e731
[0m11:56:44.839793 [debug] [Thread-1 (]: On test.weather.not_null_stg_weather_observation_id.ff421f4d37: Close
[0m11:56:44.839963 [debug] [Thread-4 (]: SQL status: SELECT 1 in 0.000 seconds
[0m11:56:44.844267 [debug] [Thread-2 (]: Writing injected SQL for node "test.weather.unique_dim_location_city.ed21a4e731"
[0m11:56:44.844527 [debug] [Thread-3 (]: SQL status: SELECT 1 in 0.004 seconds
[0m11:56:44.844849 [info ] [Thread-1 (]: 9 of 16 PASS not_null_stg_weather_observation_id ............................... [[32mPASS[0m in 0.05s]
[0m11:56:44.845598 [debug] [Thread-4 (]: On test.weather.not_null_stg_weather_temperature_c.3a7a09f65f: ROLLBACK
[0m11:56:44.846280 [debug] [Thread-3 (]: On test.weather.relationships_fct_weather_observation_location_key__location_key__ref_dim_location_.2ce5c71a08: ROLLBACK
[0m11:56:44.846558 [debug] [Thread-1 (]: Finished running node test.weather.not_null_stg_weather_observation_id.ff421f4d37
[0m11:56:44.847426 [debug] [Thread-1 (]: Began running node test.weather.unique_dim_location_location_key.b5757d64b6
[0m11:56:44.847054 [debug] [Thread-4 (]: On test.weather.not_null_stg_weather_temperature_c.3a7a09f65f: Close
[0m11:56:44.847268 [debug] [Thread-3 (]: On test.weather.relationships_fct_weather_observation_location_key__location_key__ref_dim_location_.2ce5c71a08: Close
[0m11:56:44.846909 [debug] [Thread-2 (]: Began executing node test.weather.unique_dim_location_city.ed21a4e731
[0m11:56:44.847612 [info ] [Thread-1 (]: 14 of 16 START test unique_dim_location_location_key ........................... [RUN]
[0m11:56:44.849567 [debug] [Thread-1 (]: Re-using an available connection from the pool (formerly test.weather.not_null_stg_weather_observation_id.ff421f4d37, now test.weather.unique_dim_location_location_key.b5757d64b6)
[0m11:56:44.848237 [info ] [Thread-3 (]: 12 of 16 PASS relationships_fct_weather_observation_location_key__location_key__ref_dim_location_  [[32mPASS[0m in 0.04s]
[0m11:56:44.849267 [debug] [Thread-2 (]: Writing runtime sql for node "test.weather.unique_dim_location_city.ed21a4e731"
[0m11:56:44.847938 [info ] [Thread-4 (]: 11 of 16 PASS not_null_stg_weather_temperature_c ............................... [[32mPASS[0m in 0.04s]
[0m11:56:44.850579 [debug] [Thread-4 (]: Finished running node test.weather.not_null_stg_weather_temperature_c.3a7a09f65f
[0m11:56:44.850003 [debug] [Thread-3 (]: Finished running node test.weather.relationships_fct_weather_observation_location_key__location_key__ref_dim_location_.2ce5c71a08
[0m11:56:44.849743 [debug] [Thread-1 (]: Began compiling node test.weather.unique_dim_location_location_key.b5757d64b6
[0m11:56:44.850794 [debug] [Thread-4 (]: Began running node test.weather.unique_fct_weather_observation_observation_id.2350f7f487
[0m11:56:44.851073 [debug] [Thread-3 (]: Began running node test.weather.unique_stg_weather_observation_id.9e85c109c9
[0m11:56:44.851286 [debug] [Thread-2 (]: Using postgres connection "test.weather.unique_dim_location_city.ed21a4e731"
[0m11:56:44.854868 [debug] [Thread-2 (]: On test.weather.unique_dim_location_city.ed21a4e731: BEGIN
[0m11:56:44.854437 [info ] [Thread-4 (]: 15 of 16 START test unique_fct_weather_observation_observation_id .............. [RUN]
[0m11:56:44.854657 [info ] [Thread-3 (]: 16 of 16 START test unique_stg_weather_observation_id .......................... [RUN]
[0m11:56:44.854180 [debug] [Thread-1 (]: Writing injected SQL for node "test.weather.unique_dim_location_location_key.b5757d64b6"
[0m11:56:44.855039 [debug] [Thread-2 (]: Opening a new connection, currently in state closed
[0m11:56:44.855244 [debug] [Thread-4 (]: Re-using an available connection from the pool (formerly test.weather.not_null_stg_weather_temperature_c.3a7a09f65f, now test.weather.unique_fct_weather_observation_observation_id.2350f7f487)
[0m11:56:44.855452 [debug] [Thread-3 (]: Re-using an available connection from the pool (formerly test.weather.relationships_fct_weather_observation_location_key__location_key__ref_dim_location_.2ce5c71a08, now test.weather.unique_stg_weather_observation_id.9e85c109c9)
[0m11:56:44.855946 [debug] [Thread-4 (]: Began compiling node test.weather.unique_fct_weather_observation_observation_id.2350f7f487
[0m11:56:44.856141 [debug] [Thread-3 (]: Began compiling node test.weather.unique_stg_weather_observation_id.9e85c109c9
[0m11:56:44.861234 [debug] [Thread-4 (]: Writing injected SQL for node "test.weather.unique_fct_weather_observation_observation_id.2350f7f487"
[0m11:56:44.861773 [debug] [Thread-1 (]: Began executing node test.weather.unique_dim_location_location_key.b5757d64b6
[0m11:56:44.861971 [debug] [Thread-2 (]: SQL status: BEGIN in 0.007 seconds
[0m11:56:44.865386 [debug] [Thread-3 (]: Writing injected SQL for node "test.weather.unique_stg_weather_observation_id.9e85c109c9"
[0m11:56:44.866236 [debug] [Thread-1 (]: Writing runtime sql for node "test.weather.unique_dim_location_location_key.b5757d64b6"
[0m11:56:44.866426 [debug] [Thread-2 (]: Using postgres connection "test.weather.unique_dim_location_city.ed21a4e731"
[0m11:56:44.866658 [debug] [Thread-4 (]: Began executing node test.weather.unique_fct_weather_observation_observation_id.2350f7f487
[0m11:56:44.866882 [debug] [Thread-2 (]: On test.weather.unique_dim_location_city.ed21a4e731: /* {"app": "dbt", "dbt_version": "1.12.5", "profile_name": "weather", "target_name": "dev", "node_id": "test.weather.unique_dim_location_city.ed21a4e731"} */

    
    select
      count(*) as failures,
      count(*) != 0 as should_warn,
      count(*) != 0 as should_error
    from (
      
    
  
    
    

select
    city as unique_field,
    count(*) as n_records

from "db"."dev_marts"."dim_location"
where city is not null
group by city
having count(*) > 1



  
  
      
    ) dbt_internal_test
[0m11:56:44.867608 [debug] [Thread-4 (]: Writing runtime sql for node "test.weather.unique_fct_weather_observation_observation_id.2350f7f487"
[0m11:56:44.867782 [debug] [Thread-3 (]: Began executing node test.weather.unique_stg_weather_observation_id.9e85c109c9
[0m11:56:44.867988 [debug] [Thread-1 (]: Using postgres connection "test.weather.unique_dim_location_location_key.b5757d64b6"
[0m11:56:44.868727 [debug] [Thread-3 (]: Writing runtime sql for node "test.weather.unique_stg_weather_observation_id.9e85c109c9"
[0m11:56:44.868895 [debug] [Thread-2 (]: SQL status: SELECT 1 in 0.001 seconds
[0m11:56:44.869059 [debug] [Thread-1 (]: On test.weather.unique_dim_location_location_key.b5757d64b6: BEGIN
[0m11:56:44.869266 [debug] [Thread-4 (]: Using postgres connection "test.weather.unique_fct_weather_observation_observation_id.2350f7f487"
[0m11:56:44.869964 [debug] [Thread-2 (]: On test.weather.unique_dim_location_city.ed21a4e731: ROLLBACK
[0m11:56:44.870171 [debug] [Thread-1 (]: Opening a new connection, currently in state closed
[0m11:56:44.870372 [debug] [Thread-4 (]: On test.weather.unique_fct_weather_observation_observation_id.2350f7f487: BEGIN
[0m11:56:44.870533 [debug] [Thread-3 (]: Using postgres connection "test.weather.unique_stg_weather_observation_id.9e85c109c9"
[0m11:56:44.870830 [debug] [Thread-2 (]: On test.weather.unique_dim_location_city.ed21a4e731: Close
[0m11:56:44.870965 [debug] [Thread-4 (]: Opening a new connection, currently in state closed
[0m11:56:44.871146 [debug] [Thread-3 (]: On test.weather.unique_stg_weather_observation_id.9e85c109c9: BEGIN
[0m11:56:44.871798 [debug] [Thread-3 (]: Opening a new connection, currently in state closed
[0m11:56:44.871468 [info ] [Thread-2 (]: 13 of 16 PASS unique_dim_location_city ......................................... [[32mPASS[0m in 0.03s]
[0m11:56:44.872211 [debug] [Thread-2 (]: Finished running node test.weather.unique_dim_location_city.ed21a4e731
[0m11:56:44.875459 [debug] [Thread-1 (]: SQL status: BEGIN in 0.005 seconds
[0m11:56:44.875684 [debug] [Thread-4 (]: SQL status: BEGIN in 0.005 seconds
[0m11:56:44.875853 [debug] [Thread-1 (]: Using postgres connection "test.weather.unique_dim_location_location_key.b5757d64b6"
[0m11:56:44.876075 [debug] [Thread-4 (]: Using postgres connection "test.weather.unique_fct_weather_observation_observation_id.2350f7f487"
[0m11:56:44.876342 [debug] [Thread-1 (]: On test.weather.unique_dim_location_location_key.b5757d64b6: /* {"app": "dbt", "dbt_version": "1.12.5", "profile_name": "weather", "target_name": "dev", "node_id": "test.weather.unique_dim_location_location_key.b5757d64b6"} */

    
    select
      count(*) as failures,
      count(*) != 0 as should_warn,
      count(*) != 0 as should_error
    from (
      
    
  
    
    

select
    location_key as unique_field,
    count(*) as n_records

from "db"."dev_marts"."dim_location"
where location_key is not null
group by location_key
having count(*) > 1



  
  
      
    ) dbt_internal_test
[0m11:56:44.876525 [debug] [Thread-3 (]: SQL status: BEGIN in 0.005 seconds
[0m11:56:44.876697 [debug] [Thread-4 (]: On test.weather.unique_fct_weather_observation_observation_id.2350f7f487: /* {"app": "dbt", "dbt_version": "1.12.5", "profile_name": "weather", "target_name": "dev", "node_id": "test.weather.unique_fct_weather_observation_observation_id.2350f7f487"} */

    
    select
      count(*) as failures,
      count(*) != 0 as should_warn,
      count(*) != 0 as should_error
    from (
      
    
  
    
    

select
    observation_id as unique_field,
    count(*) as n_records

from "db"."dev_marts"."fct_weather_observation"
where observation_id is not null
group by observation_id
having count(*) > 1



  
  
      
    ) dbt_internal_test
[0m11:56:44.876957 [debug] [Thread-3 (]: Using postgres connection "test.weather.unique_stg_weather_observation_id.9e85c109c9"
[0m11:56:44.877394 [debug] [Thread-3 (]: On test.weather.unique_stg_weather_observation_id.9e85c109c9: /* {"app": "dbt", "dbt_version": "1.12.5", "profile_name": "weather", "target_name": "dev", "node_id": "test.weather.unique_stg_weather_observation_id.9e85c109c9"} */

    
    select
      count(*) as failures,
      count(*) != 0 as should_warn,
      count(*) != 0 as should_error
    from (
      
    
  
    
    

select
    observation_id as unique_field,
    count(*) as n_records

from "db"."dev_staging"."stg_weather"
where observation_id is not null
group by observation_id
having count(*) > 1



  
  
      
    ) dbt_internal_test
[0m11:56:44.877575 [debug] [Thread-1 (]: SQL status: SELECT 1 in 0.001 seconds
[0m11:56:44.877726 [debug] [Thread-4 (]: SQL status: SELECT 1 in 0.001 seconds
[0m11:56:44.878510 [debug] [Thread-1 (]: On test.weather.unique_dim_location_location_key.b5757d64b6: ROLLBACK
[0m11:56:44.878704 [debug] [Thread-3 (]: SQL status: SELECT 1 in 0.001 seconds
[0m11:56:44.879316 [debug] [Thread-4 (]: On test.weather.unique_fct_weather_observation_observation_id.2350f7f487: ROLLBACK
[0m11:56:44.880034 [debug] [Thread-3 (]: On test.weather.unique_stg_weather_observation_id.9e85c109c9: ROLLBACK
[0m11:56:44.880204 [debug] [Thread-1 (]: On test.weather.unique_dim_location_location_key.b5757d64b6: Close
[0m11:56:44.880459 [debug] [Thread-4 (]: On test.weather.unique_fct_weather_observation_observation_id.2350f7f487: Close
[0m11:56:44.880602 [debug] [Thread-3 (]: On test.weather.unique_stg_weather_observation_id.9e85c109c9: Close
[0m11:56:44.880910 [info ] [Thread-1 (]: 14 of 16 PASS unique_dim_location_location_key ................................. [[32mPASS[0m in 0.03s]
[0m11:56:44.881602 [info ] [Thread-4 (]: 15 of 16 PASS unique_fct_weather_observation_observation_id .................... [[32mPASS[0m in 0.03s]
[0m11:56:44.882096 [info ] [Thread-3 (]: 16 of 16 PASS unique_stg_weather_observation_id ................................ [[32mPASS[0m in 0.03s]
[0m11:56:44.882398 [debug] [Thread-1 (]: Finished running node test.weather.unique_dim_location_location_key.b5757d64b6
[0m11:56:44.882654 [debug] [Thread-4 (]: Finished running node test.weather.unique_fct_weather_observation_observation_id.2350f7f487
[0m11:56:44.882888 [debug] [Thread-3 (]: Finished running node test.weather.unique_stg_weather_observation_id.9e85c109c9
[0m11:56:44.883967 [debug] [MainThread]: Using postgres connection "master"
[0m11:56:44.884162 [debug] [MainThread]: On master: BEGIN
[0m11:56:44.885163 [debug] [MainThread]: Opening a new connection, currently in state closed
[0m11:56:44.888422 [debug] [MainThread]: SQL status: BEGIN in 0.003 seconds
[0m11:56:44.888575 [debug] [MainThread]: On master: COMMIT
[0m11:56:44.888703 [debug] [MainThread]: Using postgres connection "master"
[0m11:56:44.888816 [debug] [MainThread]: On master: COMMIT
[0m11:56:44.888961 [debug] [MainThread]: SQL status: COMMIT in 0.000 seconds
[0m11:56:44.889080 [debug] [MainThread]: On master: Close
[0m11:56:44.889276 [debug] [MainThread]: Connection 'master' was properly closed.
[0m11:56:44.889402 [debug] [MainThread]: Connection 'test.weather.unique_dim_location_city.ed21a4e731' was properly closed.
[0m11:56:44.889511 [debug] [MainThread]: Connection 'test.weather.unique_dim_location_location_key.b5757d64b6' was properly closed.
[0m11:56:44.889614 [debug] [MainThread]: Connection 'test.weather.unique_stg_weather_observation_id.9e85c109c9' was properly closed.
[0m11:56:44.889715 [debug] [MainThread]: Connection 'test.weather.unique_fct_weather_observation_observation_id.2350f7f487' was properly closed.
[0m11:56:44.889855 [info ] [MainThread]: 
[0m11:56:44.889987 [info ] [MainThread]: Finished running 16 data tests in 0 hours 0 minutes and 0.20 seconds (0.20s).
[0m11:56:44.891019 [debug] [MainThread]: Command end result
[0m11:56:44.909516 [debug] [MainThread]: Wrote artifact WritableManifest to /opt/airflow/project/dbt/weather/target/manifest.json
[0m11:56:44.910911 [debug] [MainThread]: Wrote artifact SemanticManifest to /opt/airflow/project/dbt/weather/target/semantic_manifest.json
[0m11:56:44.912119 [debug] [MainThread]: Wrote artifact OsiDocument to /opt/airflow/project/dbt/weather/target/osi_document.json
[0m11:56:44.916106 [debug] [MainThread]: Wrote artifact RunExecutionResult to /opt/airflow/project/dbt/weather/target/run_results.json
[0m11:56:44.916260 [info ] [MainThread]: 
[0m11:56:44.916418 [info ] [MainThread]: [32mCompleted successfully[0m
[0m11:56:44.916545 [info ] [MainThread]: 
[0m11:56:44.916684 [info ] [MainThread]: Done. PASS=16 WARN=0 ERROR=0 SKIP=0 NO-OP=0 REUSED=0 TOTAL=16
[0m11:56:44.917178 [debug] [MainThread]: Resource report: {"command_name": "test", "command_success": true, "command_wall_clock_time": 0.5665924, "process_in_blocks": "0", "process_kernel_time": 0.162275, "process_mem_max_rss": "150592", "process_out_blocks": "2474", "process_user_time": 1.11489}
[0m11:56:44.917376 [debug] [MainThread]: Command `dbt test` succeeded at 11:56:44.917339 after 0.57 seconds
[0m11:56:44.917536 [debug] [MainThread]: Sending event: {'category': 'dbt', 'action': 'invocation', 'label': 'end', 'context': [<snowplow_tracker.self_describing_json.SelfDescribingJson object at 0xffffb08d5550>, <snowplow_tracker.self_describing_json.SelfDescribingJson object at 0xffffaf3bb070>, <snowplow_tracker.self_describing_json.SelfDescribingJson object at 0xffffaddecc00>]}
[0m11:56:44.917696 [debug] [MainThread]: Flushing usage events
[0m11:56:45.116666 [debug] [MainThread]: An error was encountered while trying to flush usage events
[0m11:56:46.566428 [debug] [MainThread]: Sending event: {'category': 'dbt', 'action': 'invocation', 'label': 'start', 'context': [<snowplow_tracker.self_describing_json.SelfDescribingJson object at 0xffff8dc5cd70>, <snowplow_tracker.self_describing_json.SelfDescribingJson object at 0xffff8c897ed0>, <snowplow_tracker.self_describing_json.SelfDescribingJson object at 0xffff8c897b10>]}


============================== 11:56:46.567911 | 9d67edc2-892a-497c-b61a-a04fd4b18993 ==============================
[0m11:56:46.567911 [info ] [MainThread]: Running with dbt=1.12.5
[0m11:56:46.568213 [debug] [MainThread]: running dbt with arguments {'indirect_selection': 'eager', 'partial_parse': 'True', 'log_format': 'default', 'hints_enabled': 'True', 'profiles_dir': '.', 'maximum_seed_size_mib': '1', 'warn_error': 'None', 'use_colors': 'True', 'version_check': 'True', 'write_json': 'True', 'debug': 'False', 'log_path': '/opt/airflow/project/dbt/weather/logs', 'static_parser': 'True', 'log_cache_events': 'False', 'warn_error_options': 'WarnErrorOptionsV2(error=[], warn=[], silence=[])', 'quiet': 'False', 'printer_width': '80', 'introspect': 'True', 'use_experimental_parser': 'False', 'invocation_command': 'dbt run --profiles-dir .', 'empty': 'False', 'cache_selected_only': 'False', 'fail_fast': 'False', 'target_path': 'None', 'no_print': 'None', 'send_anonymous_usage_stats': 'True'}
[0m11:56:46.665211 [debug] [MainThread]: Sending event: {'category': 'dbt', 'action': 'project_id', 'label': '9d67edc2-892a-497c-b61a-a04fd4b18993', 'context': [<snowplow_tracker.self_describing_json.SelfDescribingJson object at 0xffff8d8a8fc0>]}
[0m11:56:46.689199 [debug] [MainThread]: Sending event: {'category': 'dbt', 'action': 'adapter_info', 'label': '9d67edc2-892a-497c-b61a-a04fd4b18993', 'context': [<snowplow_tracker.self_describing_json.SelfDescribingJson object at 0xffff8e6497b0>]}
[0m11:56:46.689686 [info ] [MainThread]: Registered adapter: postgres=1.9.1
[0m11:56:46.713543 [debug] [MainThread]: checksum: afd20fbb4d06d62f3d6b74dcf1323d861272964b952c4e208b6d9abde9858694, vars: {}, profile: weather, target: dev, version: 1.12.5
[0m11:56:46.770290 [debug] [MainThread]: Partial parsing enabled: 0 files deleted, 0 files added, 0 files changed.
[0m11:56:46.770582 [debug] [MainThread]: Nothing changed, skipping partial parsing.
[0m11:56:46.770803 [debug] [MainThread]: Partial parsing enabled, no changes found, skipping parsing
[0m11:56:46.775365 [debug] [MainThread]: Sending event: {'category': 'dbt', 'action': 'load_project', 'label': '9d67edc2-892a-497c-b61a-a04fd4b18993', 'context': [<snowplow_tracker.self_describing_json.SelfDescribingJson object at 0xffff8b4dd250>]}
[0m11:56:46.842017 [debug] [MainThread]: Wrote artifact WritableManifest to /opt/airflow/project/dbt/weather/target/manifest.json
[0m11:56:46.843714 [debug] [MainThread]: Wrote artifact SemanticManifest to /opt/airflow/project/dbt/weather/target/semantic_manifest.json
[0m11:56:46.848906 [debug] [MainThread]: Wrote artifact OsiDocument to /opt/airflow/project/dbt/weather/target/osi_document.json
[0m11:56:46.853089 [debug] [MainThread]: Sending event: {'category': 'dbt', 'action': 'resource_counts', 'label': '9d67edc2-892a-497c-b61a-a04fd4b18993', 'context': [<snowplow_tracker.self_describing_json.SelfDescribingJson object at 0xffff8b3f0500>]}
[0m11:56:46.853385 [info ] [MainThread]: Found 3 models, 16 data tests, 1 source, 476 macros
[0m11:56:46.853589 [debug] [MainThread]: Sending event: {'category': 'dbt', 'action': 'runnable_timing', 'label': '9d67edc2-892a-497c-b61a-a04fd4b18993', 'context': [<snowplow_tracker.self_describing_json.SelfDescribingJson object at 0xffff8b3ca7b0>]}
[0m11:56:46.854694 [info ] [MainThread]: 
[0m11:56:46.854893 [info ] [MainThread]: Concurrency: 4 threads (target='dev')
[0m11:56:46.855049 [info ] [MainThread]: 
[0m11:56:46.855307 [debug] [MainThread]: Acquiring new postgres connection 'master'
[0m11:56:46.857035 [debug] [ThreadPool]: Acquiring new postgres connection 'list_db'
[0m11:56:46.861885 [debug] [ThreadPool]: Acquiring new postgres connection 'list_db'
[0m11:56:46.875089 [debug] [ThreadPool]: Using postgres connection "list_db"
[0m11:56:46.875283 [debug] [ThreadPool]: Using postgres connection "list_db"
[0m11:56:46.875418 [debug] [ThreadPool]: On list_db: /* {"app": "dbt", "dbt_version": "1.12.5", "profile_name": "weather", "target_name": "dev", "connection_name": "list_db"} */

    select distinct nspname from pg_namespace
  
[0m11:56:46.875562 [debug] [ThreadPool]: On list_db: /* {"app": "dbt", "dbt_version": "1.12.5", "profile_name": "weather", "target_name": "dev", "connection_name": "list_db"} */

    select distinct nspname from pg_namespace
  
[0m11:56:46.875699 [debug] [ThreadPool]: Opening a new connection, currently in state init
[0m11:56:46.875830 [debug] [ThreadPool]: Opening a new connection, currently in state init
[0m11:56:46.880663 [debug] [ThreadPool]: SQL status: SELECT 7 in 0.005 seconds
[0m11:56:46.881334 [debug] [ThreadPool]: On list_db: Close
[0m11:56:46.880833 [debug] [ThreadPool]: SQL status: SELECT 7 in 0.005 seconds
[0m11:56:46.882001 [debug] [ThreadPool]: On list_db: Close
[0m11:56:46.882739 [debug] [ThreadPool]: Re-using an available connection from the pool (formerly list_db, now list_db_dev_marts)
[0m11:56:46.883005 [debug] [ThreadPool]: Re-using an available connection from the pool (formerly list_db, now list_db_dev_staging)
[0m11:56:46.884965 [debug] [ThreadPool]: Using postgres connection "list_db_dev_marts"
[0m11:56:46.885442 [debug] [ThreadPool]: Using postgres connection "list_db_dev_staging"
[0m11:56:46.885629 [debug] [ThreadPool]: On list_db_dev_marts: BEGIN
[0m11:56:46.885782 [debug] [ThreadPool]: On list_db_dev_staging: BEGIN
[0m11:56:46.885935 [debug] [ThreadPool]: Opening a new connection, currently in state closed
[0m11:56:46.886099 [debug] [ThreadPool]: Opening a new connection, currently in state closed
[0m11:56:46.888881 [debug] [ThreadPool]: SQL status: BEGIN in 0.003 seconds
[0m11:56:46.889887 [debug] [ThreadPool]: Using postgres connection "list_db_dev_marts"
[0m11:56:46.890055 [debug] [ThreadPool]: On list_db_dev_marts: /* {"app": "dbt", "dbt_version": "1.12.5", "profile_name": "weather", "target_name": "dev", "connection_name": "list_db_dev_marts"} */
select
      'db' as database,
      tablename as name,
      schemaname as schema,
      'table' as type
    from pg_tables
    where schemaname ilike 'dev_marts'
    union all
    select
      'db' as database,
      viewname as name,
      schemaname as schema,
      'view' as type
    from pg_views
    where schemaname ilike 'dev_marts'
    union all
    select
      'db' as database,
      matviewname as name,
      schemaname as schema,
      'materialized_view' as type
    from pg_matviews
    where schemaname ilike 'dev_marts'
  
[0m11:56:46.890351 [debug] [ThreadPool]: SQL status: BEGIN in 0.004 seconds
[0m11:56:46.890509 [debug] [ThreadPool]: Using postgres connection "list_db_dev_staging"
[0m11:56:46.890670 [debug] [ThreadPool]: On list_db_dev_staging: /* {"app": "dbt", "dbt_version": "1.12.5", "profile_name": "weather", "target_name": "dev", "connection_name": "list_db_dev_staging"} */
select
      'db' as database,
      tablename as name,
      schemaname as schema,
      'table' as type
    from pg_tables
    where schemaname ilike 'dev_staging'
    union all
    select
      'db' as database,
      viewname as name,
      schemaname as schema,
      'view' as type
    from pg_views
    where schemaname ilike 'dev_staging'
    union all
    select
      'db' as database,
      matviewname as name,
      schemaname as schema,
      'materialized_view' as type
    from pg_matviews
    where schemaname ilike 'dev_staging'
  
[0m11:56:46.891149 [debug] [ThreadPool]: SQL status: SELECT 2 in 0.001 seconds
[0m11:56:46.891659 [debug] [ThreadPool]: On list_db_dev_marts: ROLLBACK
[0m11:56:46.891813 [debug] [ThreadPool]: SQL status: SELECT 1 in 0.001 seconds
[0m11:56:46.892317 [debug] [ThreadPool]: On list_db_dev_staging: ROLLBACK
[0m11:56:46.892449 [debug] [ThreadPool]: On list_db_dev_marts: Close
[0m11:56:46.892640 [debug] [ThreadPool]: On list_db_dev_staging: Close
[0m11:56:46.894292 [debug] [MainThread]: Using postgres connection "master"
[0m11:56:46.894486 [debug] [MainThread]: On master: BEGIN
[0m11:56:46.894688 [debug] [MainThread]: Opening a new connection, currently in state init
[0m11:56:46.897863 [debug] [MainThread]: SQL status: BEGIN in 0.003 seconds
[0m11:56:46.898042 [debug] [MainThread]: Using postgres connection "master"
[0m11:56:46.898238 [debug] [MainThread]: On master: /* {"app": "dbt", "dbt_version": "1.12.5", "profile_name": "weather", "target_name": "dev", "connection_name": "master"} */
select distinct
        dependent_namespace.nspname as dependent_schema,
        dependent_class.relname as dependent_name,
        referenced_namespace.nspname as referenced_schema,
        referenced_class.relname as referenced_name

    -- Query for views: views are entries in pg_class with an entry in pg_rewrite, but we avoid
    -- a seq scan on pg_rewrite by leveraging the fact there is an "internal" row in pg_depend for
    -- the view...
    from pg_class as dependent_class
    join pg_namespace as dependent_namespace on dependent_namespace.oid = dependent_class.relnamespace
    join pg_depend as dependent_depend on dependent_depend.refobjid = dependent_class.oid
        and dependent_depend.classid = 'pg_rewrite'::regclass
        and dependent_depend.refclassid = 'pg_class'::regclass
        and dependent_depend.deptype = 'i'

    -- ... and via pg_depend (that has a row per column, hence the need for "distinct" above, and
    -- making sure to exclude the internal row to avoid a view appearing to depend on itself)...
    join pg_depend as joining_depend on joining_depend.objid = dependent_depend.objid
        and joining_depend.classid = 'pg_rewrite'::regclass
        and joining_depend.refclassid = 'pg_class'::regclass
        and joining_depend.refobjid != dependent_depend.refobjid

    -- ... we can find the tables they query from in pg_class, but excluding system tables. Note we
    -- don't need need to exclude _dependent_ system tables, because they only query from other
    -- system tables, and so are automatically excluded by excluding _referenced_ system tables
    join pg_class as referenced_class on referenced_class.oid = joining_depend.refobjid
    join pg_namespace as referenced_namespace on referenced_namespace.oid = referenced_class.relnamespace
        and referenced_namespace.nspname != 'information_schema'
        and referenced_namespace.nspname not like 'pg\_%'

    order by
        dependent_schema, dependent_name, referenced_schema, referenced_name;
[0m11:56:46.899574 [debug] [MainThread]: SQL status: SELECT 1 in 0.001 seconds
[0m11:56:46.900134 [debug] [MainThread]: Sending event: {'category': 'dbt', 'action': 'runnable_timing', 'label': '9d67edc2-892a-497c-b61a-a04fd4b18993', 'context': [<snowplow_tracker.self_describing_json.SelfDescribingJson object at 0xffff8a14b1e0>]}
[0m11:56:46.900397 [debug] [MainThread]: On master: ROLLBACK
[0m11:56:46.900644 [debug] [MainThread]: Using postgres connection "master"
[0m11:56:46.900823 [debug] [MainThread]: On master: BEGIN
[0m11:56:46.901169 [debug] [MainThread]: SQL status: BEGIN in 0.000 seconds
[0m11:56:46.901328 [debug] [MainThread]: On master: COMMIT
[0m11:56:46.901480 [debug] [MainThread]: Using postgres connection "master"
[0m11:56:46.901628 [debug] [MainThread]: On master: COMMIT
[0m11:56:46.901832 [debug] [MainThread]: SQL status: COMMIT in 0.000 seconds
[0m11:56:46.901985 [debug] [MainThread]: On master: Close
[0m11:56:46.903411 [debug] [Thread-1 (]: Began running node model.weather.stg_weather
[0m11:56:46.903744 [info ] [Thread-1 (]: 1 of 3 START sql view model dev_staging.stg_weather ............................ [RUN]
[0m11:56:46.903984 [debug] [Thread-1 (]: Re-using an available connection from the pool (formerly list_db_dev_staging, now model.weather.stg_weather)
[0m11:56:46.904187 [debug] [Thread-1 (]: Began compiling node model.weather.stg_weather
[0m11:56:46.907177 [debug] [Thread-1 (]: Writing injected SQL for node "model.weather.stg_weather"
[0m11:56:46.907720 [debug] [Thread-1 (]: Began executing node model.weather.stg_weather
[0m11:56:46.921395 [debug] [Thread-1 (]: Writing runtime sql for node "model.weather.stg_weather"
[0m11:56:46.921914 [debug] [Thread-1 (]: Using postgres connection "model.weather.stg_weather"
[0m11:56:46.922090 [debug] [Thread-1 (]: On model.weather.stg_weather: BEGIN
[0m11:56:46.922264 [debug] [Thread-1 (]: Opening a new connection, currently in state closed
[0m11:56:46.925331 [debug] [Thread-1 (]: SQL status: BEGIN in 0.003 seconds
[0m11:56:46.925493 [debug] [Thread-1 (]: Using postgres connection "model.weather.stg_weather"
[0m11:56:46.925671 [debug] [Thread-1 (]: On model.weather.stg_weather: /* {"app": "dbt", "dbt_version": "1.12.5", "profile_name": "weather", "target_name": "dev", "node_id": "model.weather.stg_weather"} */

  create view "db"."dev_staging"."stg_weather__dbt_tmp"
    
    
  as (
    -- Staging: type-cast and clean the raw payload. No business logic here —
-- this model exists so the marts never read from the raw table directly,
-- which means a change to the source shape is absorbed in one place.

with source as (
    select * from "db"."dev"."raw_weather_data"
),

cleaned as (
    select
        id                                        as observation_id,
        trim(city)                                as city,
        temperature::numeric                      as temperature_c,
        trim(weather_descriptions)                as weather_description,
        wind_speed::numeric                       as wind_speed_kmh,
        time::timestamp                           as observed_at,
        inserted_at::timestamp                    as loaded_at,
        trim(utc_offset)                          as utc_offset
    from source
    where city is not null
      and temperature is not null
)

select * from cleaned
  );
[0m11:56:46.926950 [debug] [Thread-1 (]: SQL status: CREATE VIEW in 0.001 seconds
[0m11:56:46.929185 [debug] [Thread-1 (]: Using postgres connection "model.weather.stg_weather"
[0m11:56:46.929394 [debug] [Thread-1 (]: On model.weather.stg_weather: /* {"app": "dbt", "dbt_version": "1.12.5", "profile_name": "weather", "target_name": "dev", "node_id": "model.weather.stg_weather"} */
alter table "db"."dev_staging"."stg_weather" rename to "stg_weather__dbt_backup"
[0m11:56:46.929737 [debug] [Thread-1 (]: SQL status: ALTER TABLE in 0.000 seconds
[0m11:56:46.930538 [debug] [Thread-1 (]: Using postgres connection "model.weather.stg_weather"
[0m11:56:46.930691 [debug] [Thread-1 (]: On model.weather.stg_weather: /* {"app": "dbt", "dbt_version": "1.12.5", "profile_name": "weather", "target_name": "dev", "node_id": "model.weather.stg_weather"} */
alter table "db"."dev_staging"."stg_weather__dbt_tmp" rename to "stg_weather"
[0m11:56:46.930930 [debug] [Thread-1 (]: SQL status: ALTER TABLE in 0.000 seconds
[0m11:56:46.938402 [debug] [Thread-1 (]: On model.weather.stg_weather: COMMIT
[0m11:56:46.938585 [debug] [Thread-1 (]: Using postgres connection "model.weather.stg_weather"
[0m11:56:46.938726 [debug] [Thread-1 (]: On model.weather.stg_weather: COMMIT
[0m11:56:46.939087 [debug] [Thread-1 (]: SQL status: COMMIT in 0.000 seconds
[0m11:56:46.941050 [debug] [Thread-1 (]: Applying DROP to: "db"."dev_staging"."stg_weather__dbt_backup"
[0m11:56:46.942649 [debug] [Thread-1 (]: Using postgres connection "model.weather.stg_weather"
[0m11:56:46.942811 [debug] [Thread-1 (]: On model.weather.stg_weather: /* {"app": "dbt", "dbt_version": "1.12.5", "profile_name": "weather", "target_name": "dev", "node_id": "model.weather.stg_weather"} */
drop view if exists "db"."dev_staging"."stg_weather__dbt_backup" cascade
[0m11:56:46.943658 [debug] [Thread-1 (]: SQL status: DROP VIEW in 0.001 seconds
[0m11:56:46.944633 [debug] [Thread-1 (]: On model.weather.stg_weather: Close
[0m11:56:46.945377 [debug] [Thread-1 (]: Sending event: {'category': 'dbt', 'action': 'run_model', 'label': '9d67edc2-892a-497c-b61a-a04fd4b18993', 'context': [<snowplow_tracker.self_describing_json.SelfDescribingJson object at 0xffff8b3b2b10>]}
[0m11:56:46.945669 [info ] [Thread-1 (]: 1 of 3 OK created sql view model dev_staging.stg_weather ....................... [[32mCREATE VIEW[0m in 0.04s]
[0m11:56:46.945924 [debug] [Thread-1 (]: Finished running node model.weather.stg_weather
[0m11:56:46.946329 [debug] [Thread-2 (]: Began running node model.weather.dim_location
[0m11:56:46.946506 [debug] [Thread-3 (]: Began running node model.weather.fct_weather_observation
[0m11:56:46.946745 [info ] [Thread-2 (]: 2 of 3 START sql table model dev_marts.dim_location ............................ [RUN]
[0m11:56:46.947221 [debug] [Thread-2 (]: Re-using an available connection from the pool (formerly list_db_dev_marts, now model.weather.dim_location)
[0m11:56:46.946982 [info ] [Thread-3 (]: 3 of 3 START sql table model dev_marts.fct_weather_observation ................. [RUN]
[0m11:56:46.947590 [debug] [Thread-3 (]: Acquiring new postgres connection 'model.weather.fct_weather_observation'
[0m11:56:46.947387 [debug] [Thread-2 (]: Began compiling node model.weather.dim_location
[0m11:56:46.947724 [debug] [Thread-3 (]: Began compiling node model.weather.fct_weather_observation
[0m11:56:46.948460 [debug] [Thread-2 (]: Writing injected SQL for node "model.weather.dim_location"
[0m11:56:46.949159 [debug] [Thread-3 (]: Writing injected SQL for node "model.weather.fct_weather_observation"
[0m11:56:46.949669 [debug] [Thread-3 (]: Began executing node model.weather.fct_weather_observation
[0m11:56:46.949805 [debug] [Thread-2 (]: Began executing node model.weather.dim_location
[0m11:56:46.958279 [debug] [Thread-3 (]: Writing runtime sql for node "model.weather.fct_weather_observation"
[0m11:56:46.959312 [debug] [Thread-2 (]: Writing runtime sql for node "model.weather.dim_location"
[0m11:56:46.959903 [debug] [Thread-3 (]: Using postgres connection "model.weather.fct_weather_observation"
[0m11:56:46.960088 [debug] [Thread-2 (]: Using postgres connection "model.weather.dim_location"
[0m11:56:46.960377 [debug] [Thread-2 (]: On model.weather.dim_location: BEGIN
[0m11:56:46.960227 [debug] [Thread-3 (]: On model.weather.fct_weather_observation: BEGIN
[0m11:56:46.960687 [debug] [Thread-3 (]: Opening a new connection, currently in state init
[0m11:56:46.960533 [debug] [Thread-2 (]: Opening a new connection, currently in state closed
[0m11:56:46.965105 [debug] [Thread-3 (]: SQL status: BEGIN in 0.004 seconds
[0m11:56:46.965324 [debug] [Thread-3 (]: Using postgres connection "model.weather.fct_weather_observation"
[0m11:56:46.965501 [debug] [Thread-3 (]: On model.weather.fct_weather_observation: /* {"app": "dbt", "dbt_version": "1.12.5", "profile_name": "weather", "target_name": "dev", "node_id": "model.weather.fct_weather_observation"} */

  
    

  create  table "db"."dev_marts"."fct_weather_observation__dbt_tmp"
  
  
    as
  
  (
    -- Observation fact. Grain: one row per weather reading.
-- Joins to dim_location on the surrogate key rather than carrying the city
-- string, so a rename in the source does not fan out across the mart.

with observations as (
    select * from "db"."dev_staging"."stg_weather"
)

select
    o.observation_id,
    md5(lower(trim(o.city)))                       as location_key,
    o.observed_at,
    o.loaded_at,
    o.temperature_c,
    round(o.temperature_c * 9.0 / 5.0 + 32, 1)     as temperature_f,
    o.wind_speed_kmh,
    round(o.wind_speed_kmh * 0.621371, 1)          as wind_speed_mph,
    o.weather_description,
    date_trunc('hour', o.observed_at)              as observed_hour,
    o.observed_at::date                            as observed_date
from observations o
  );
  
[0m11:56:46.965644 [debug] [Thread-2 (]: SQL status: BEGIN in 0.005 seconds
[0m11:56:46.965884 [debug] [Thread-2 (]: Using postgres connection "model.weather.dim_location"
[0m11:56:46.966072 [debug] [Thread-2 (]: On model.weather.dim_location: /* {"app": "dbt", "dbt_version": "1.12.5", "profile_name": "weather", "target_name": "dev", "node_id": "model.weather.dim_location"} */

  
    

  create  table "db"."dev_marts"."dim_location__dbt_tmp"
  
  
    as
  
  (
    -- Location dimension. One row per city observed, keyed by an md5 surrogate
-- over the normalised city name so the fact table never carries the raw string.

with locations as (
    select distinct
        city,
        utc_offset
    from "db"."dev_staging"."stg_weather"
)

select
    md5(lower(trim(city))) as location_key,
    city,
    utc_offset
from locations
  );
  
[0m11:56:46.968244 [debug] [Thread-2 (]: SQL status: SELECT 1 in 0.002 seconds
[0m11:56:46.968401 [debug] [Thread-3 (]: SQL status: SELECT 3 in 0.003 seconds
[0m11:56:46.970722 [debug] [Thread-2 (]: Using postgres connection "model.weather.dim_location"
[0m11:56:46.971726 [debug] [Thread-2 (]: On model.weather.dim_location: /* {"app": "dbt", "dbt_version": "1.12.5", "profile_name": "weather", "target_name": "dev", "node_id": "model.weather.dim_location"} */
alter table "db"."dev_marts"."dim_location" rename to "dim_location__dbt_backup"
[0m11:56:46.971576 [debug] [Thread-3 (]: Using postgres connection "model.weather.fct_weather_observation"
[0m11:56:46.971900 [debug] [Thread-3 (]: On model.weather.fct_weather_observation: /* {"app": "dbt", "dbt_version": "1.12.5", "profile_name": "weather", "target_name": "dev", "node_id": "model.weather.fct_weather_observation"} */
alter table "db"."dev_marts"."fct_weather_observation" rename to "fct_weather_observation__dbt_backup"
[0m11:56:46.972053 [debug] [Thread-2 (]: SQL status: ALTER TABLE in 0.000 seconds
[0m11:56:46.972804 [debug] [Thread-2 (]: Using postgres connection "model.weather.dim_location"
[0m11:56:46.972931 [debug] [Thread-3 (]: SQL status: ALTER TABLE in 0.001 seconds
[0m11:56:46.974021 [debug] [Thread-3 (]: Using postgres connection "model.weather.fct_weather_observation"
[0m11:56:46.973078 [debug] [Thread-2 (]: On model.weather.dim_location: /* {"app": "dbt", "dbt_version": "1.12.5", "profile_name": "weather", "target_name": "dev", "node_id": "model.weather.dim_location"} */
alter table "db"."dev_marts"."dim_location__dbt_tmp" rename to "dim_location"
[0m11:56:46.974195 [debug] [Thread-3 (]: On model.weather.fct_weather_observation: /* {"app": "dbt", "dbt_version": "1.12.5", "profile_name": "weather", "target_name": "dev", "node_id": "model.weather.fct_weather_observation"} */
alter table "db"."dev_marts"."fct_weather_observation__dbt_tmp" rename to "fct_weather_observation"
[0m11:56:46.974438 [debug] [Thread-2 (]: SQL status: ALTER TABLE in 0.000 seconds
[0m11:56:46.974614 [debug] [Thread-3 (]: SQL status: ALTER TABLE in 0.000 seconds
[0m11:56:46.975764 [debug] [Thread-3 (]: On model.weather.fct_weather_observation: COMMIT
[0m11:56:46.975205 [debug] [Thread-2 (]: On model.weather.dim_location: COMMIT
[0m11:56:46.975926 [debug] [Thread-3 (]: Using postgres connection "model.weather.fct_weather_observation"
[0m11:56:46.976225 [debug] [Thread-3 (]: On model.weather.fct_weather_observation: COMMIT
[0m11:56:46.976073 [debug] [Thread-2 (]: Using postgres connection "model.weather.dim_location"
[0m11:56:46.976388 [debug] [Thread-2 (]: On model.weather.dim_location: COMMIT
[0m11:56:46.976779 [debug] [Thread-3 (]: SQL status: COMMIT in 0.000 seconds
[0m11:56:46.977474 [debug] [Thread-3 (]: Applying DROP to: "db"."dev_marts"."fct_weather_observation__dbt_backup"
[0m11:56:46.976938 [debug] [Thread-2 (]: SQL status: COMMIT in 0.000 seconds
[0m11:56:46.978952 [debug] [Thread-2 (]: Applying DROP to: "db"."dev_marts"."dim_location__dbt_backup"
[0m11:56:46.978433 [debug] [Thread-3 (]: Using postgres connection "model.weather.fct_weather_observation"
[0m11:56:46.979363 [debug] [Thread-3 (]: On model.weather.fct_weather_observation: /* {"app": "dbt", "dbt_version": "1.12.5", "profile_name": "weather", "target_name": "dev", "node_id": "model.weather.fct_weather_observation"} */
drop table if exists "db"."dev_marts"."fct_weather_observation__dbt_backup" cascade
[0m11:56:46.979203 [debug] [Thread-2 (]: Using postgres connection "model.weather.dim_location"
[0m11:56:46.979531 [debug] [Thread-2 (]: On model.weather.dim_location: /* {"app": "dbt", "dbt_version": "1.12.5", "profile_name": "weather", "target_name": "dev", "node_id": "model.weather.dim_location"} */
drop table if exists "db"."dev_marts"."dim_location__dbt_backup" cascade
[0m11:56:46.980338 [debug] [Thread-3 (]: SQL status: DROP TABLE in 0.001 seconds
[0m11:56:46.980485 [debug] [Thread-2 (]: SQL status: DROP TABLE in 0.001 seconds
[0m11:56:46.980928 [debug] [Thread-3 (]: On model.weather.fct_weather_observation: Close
[0m11:56:46.981663 [debug] [Thread-3 (]: Sending event: {'category': 'dbt', 'action': 'run_model', 'label': '9d67edc2-892a-497c-b61a-a04fd4b18993', 'context': [<snowplow_tracker.self_describing_json.SelfDescribingJson object at 0xffff8a191c80>]}
[0m11:56:46.981377 [debug] [Thread-2 (]: On model.weather.dim_location: Close
[0m11:56:46.982238 [debug] [Thread-2 (]: Sending event: {'category': 'dbt', 'action': 'run_model', 'label': '9d67edc2-892a-497c-b61a-a04fd4b18993', 'context': [<snowplow_tracker.self_describing_json.SelfDescribingJson object at 0xffff89f37d90>]}
[0m11:56:46.981981 [info ] [Thread-3 (]: 3 of 3 OK created sql table model dev_marts.fct_weather_observation ............ [[32mSELECT 3[0m in 0.03s]
[0m11:56:46.982763 [debug] [Thread-3 (]: Finished running node model.weather.fct_weather_observation
[0m11:56:46.982535 [info ] [Thread-2 (]: 2 of 3 OK created sql table model dev_marts.dim_location ....................... [[32mSELECT 1[0m in 0.04s]
[0m11:56:46.983034 [debug] [Thread-2 (]: Finished running node model.weather.dim_location
[0m11:56:46.983681 [debug] [MainThread]: Using postgres connection "master"
[0m11:56:46.983829 [debug] [MainThread]: On master: BEGIN
[0m11:56:46.983944 [debug] [MainThread]: Opening a new connection, currently in state closed
[0m11:56:46.986749 [debug] [MainThread]: SQL status: BEGIN in 0.003 seconds
[0m11:56:46.986899 [debug] [MainThread]: On master: COMMIT
[0m11:56:46.987020 [debug] [MainThread]: Using postgres connection "master"
[0m11:56:46.987142 [debug] [MainThread]: On master: COMMIT
[0m11:56:46.987298 [debug] [MainThread]: SQL status: COMMIT in 0.000 seconds
[0m11:56:46.987416 [debug] [MainThread]: On master: Close
[0m11:56:46.987595 [debug] [MainThread]: Connection 'master' was properly closed.
[0m11:56:46.987719 [debug] [MainThread]: Connection 'model.weather.stg_weather' was properly closed.
[0m11:56:46.987830 [debug] [MainThread]: Connection 'model.weather.dim_location' was properly closed.
[0m11:56:46.987959 [debug] [MainThread]: Connection 'model.weather.fct_weather_observation' was properly closed.
[0m11:56:46.988138 [info ] [MainThread]: 
[0m11:56:46.988279 [info ] [MainThread]: Finished running 2 table models, 1 view model in 0 hours 0 minutes and 0.13 seconds (0.13s).
[0m11:56:46.988647 [debug] [MainThread]: Command end result
[0m11:56:47.007674 [debug] [MainThread]: Wrote artifact WritableManifest to /opt/airflow/project/dbt/weather/target/manifest.json
[0m11:56:47.009007 [debug] [MainThread]: Wrote artifact SemanticManifest to /opt/airflow/project/dbt/weather/target/semantic_manifest.json
[0m11:56:47.010186 [debug] [MainThread]: Wrote artifact OsiDocument to /opt/airflow/project/dbt/weather/target/osi_document.json
[0m11:56:47.013224 [debug] [MainThread]: Wrote artifact RunExecutionResult to /opt/airflow/project/dbt/weather/target/run_results.json
[0m11:56:47.013375 [info ] [MainThread]: 
[0m11:56:47.013539 [info ] [MainThread]: [32mCompleted successfully[0m
[0m11:56:47.013668 [info ] [MainThread]: 
[0m11:56:47.013814 [info ] [MainThread]: Done. PASS=3 WARN=0 ERROR=0 SKIP=0 NO-OP=0 REUSED=0 TOTAL=3
[0m11:56:47.014234 [debug] [MainThread]: Resource report: {"command_name": "run", "command_success": true, "command_wall_clock_time": 0.47825372, "process_in_blocks": "0", "process_kernel_time": 0.063015, "process_mem_max_rss": "149452", "process_out_blocks": "2384", "process_user_time": 0.98924}
[0m11:56:47.014451 [debug] [MainThread]: Command `dbt run` succeeded at 11:56:47.014415 after 0.48 seconds
[0m11:56:47.014606 [debug] [MainThread]: Sending event: {'category': 'dbt', 'action': 'invocation', 'label': 'end', 'context': [<snowplow_tracker.self_describing_json.SelfDescribingJson object at 0xffff8fa0cad0>, <snowplow_tracker.self_describing_json.SelfDescribingJson object at 0xffff8d81e750>, <snowplow_tracker.self_describing_json.SelfDescribingJson object at 0xffff8c7019b0>]}
[0m11:56:47.014744 [debug] [MainThread]: Flushing usage events
[0m11:56:47.219015 [debug] [MainThread]: An error was encountered while trying to flush usage events
[0m11:56:48.658195 [debug] [MainThread]: Sending event: {'category': 'dbt', 'action': 'invocation', 'label': 'start', 'context': [<snowplow_tracker.self_describing_json.SelfDescribingJson object at 0xffff7b2bcd70>, <snowplow_tracker.self_describing_json.SelfDescribingJson object at 0xffff79ef7ed0>, <snowplow_tracker.self_describing_json.SelfDescribingJson object at 0xffff79ef7b10>]}


============================== 11:56:48.659741 | a6f2e610-a0f4-4d92-b523-057c36b6fd33 ==============================
[0m11:56:48.659741 [info ] [MainThread]: Running with dbt=1.12.5
[0m11:56:48.660065 [debug] [MainThread]: running dbt with arguments {'static_parser': 'True', 'log_cache_events': 'False', 'use_colors': 'True', 'warn_error_options': 'WarnErrorOptionsV2(error=[], warn=[], silence=[])', 'fail_fast': 'False', 'use_experimental_parser': 'False', 'target_path': 'None', 'log_path': '/opt/airflow/project/dbt/weather/logs', 'profiles_dir': '.', 'send_anonymous_usage_stats': 'True', 'printer_width': '80', 'log_format': 'default', 'cache_selected_only': 'False', 'introspect': 'True', 'warn_error': 'None', 'version_check': 'True', 'quiet': 'False', 'write_json': 'True', 'empty': 'None', 'debug': 'False', 'hints_enabled': 'True', 'no_print': 'None', 'partial_parse': 'True', 'invocation_command': 'dbt test --profiles-dir .', 'maximum_seed_size_mib': '1', 'indirect_selection': 'eager'}
[0m11:56:48.755920 [debug] [MainThread]: Sending event: {'category': 'dbt', 'action': 'project_id', 'label': 'a6f2e610-a0f4-4d92-b523-057c36b6fd33', 'context': [<snowplow_tracker.self_describing_json.SelfDescribingJson object at 0xffff7af08fc0>]}
[0m11:56:48.780997 [debug] [MainThread]: Sending event: {'category': 'dbt', 'action': 'adapter_info', 'label': 'a6f2e610-a0f4-4d92-b523-057c36b6fd33', 'context': [<snowplow_tracker.self_describing_json.SelfDescribingJson object at 0xffff7bca97b0>]}
[0m11:56:48.781577 [info ] [MainThread]: Registered adapter: postgres=1.9.1
[0m11:56:48.810093 [debug] [MainThread]: checksum: afd20fbb4d06d62f3d6b74dcf1323d861272964b952c4e208b6d9abde9858694, vars: {}, profile: weather, target: dev, version: 1.12.5
[0m11:56:48.868146 [debug] [MainThread]: Partial parsing enabled: 0 files deleted, 0 files added, 0 files changed.
[0m11:56:48.868386 [debug] [MainThread]: Nothing changed, skipping partial parsing.
[0m11:56:48.868551 [debug] [MainThread]: Partial parsing enabled, no changes found, skipping parsing
[0m11:56:48.872421 [debug] [MainThread]: Sending event: {'category': 'dbt', 'action': 'load_project', 'label': 'a6f2e610-a0f4-4d92-b523-057c36b6fd33', 'context': [<snowplow_tracker.self_describing_json.SelfDescribingJson object at 0xffff78e49250>]}
[0m11:56:48.938878 [debug] [MainThread]: Wrote artifact WritableManifest to /opt/airflow/project/dbt/weather/target/manifest.json
[0m11:56:48.940308 [debug] [MainThread]: Wrote artifact SemanticManifest to /opt/airflow/project/dbt/weather/target/semantic_manifest.json
[0m11:56:48.945454 [debug] [MainThread]: Wrote artifact OsiDocument to /opt/airflow/project/dbt/weather/target/osi_document.json
[0m11:56:48.953780 [debug] [MainThread]: Sending event: {'category': 'dbt', 'action': 'resource_counts', 'label': 'a6f2e610-a0f4-4d92-b523-057c36b6fd33', 'context': [<snowplow_tracker.self_describing_json.SelfDescribingJson object at 0xffff7888bb60>]}
[0m11:56:48.954008 [info ] [MainThread]: Found 3 models, 16 data tests, 1 source, 476 macros
[0m11:56:48.954199 [debug] [MainThread]: Sending event: {'category': 'dbt', 'action': 'runnable_timing', 'label': 'a6f2e610-a0f4-4d92-b523-057c36b6fd33', 'context': [<snowplow_tracker.self_describing_json.SelfDescribingJson object at 0xffff78892dd0>]}
[0m11:56:48.955289 [info ] [MainThread]: 
[0m11:56:48.955450 [info ] [MainThread]: Concurrency: 4 threads (target='dev')
[0m11:56:48.955582 [info ] [MainThread]: 
[0m11:56:48.955811 [debug] [MainThread]: Acquiring new postgres connection 'master'
[0m11:56:48.957536 [debug] [ThreadPool]: Acquiring new postgres connection 'list_db_dev_marts'
[0m11:56:48.962383 [debug] [ThreadPool]: Acquiring new postgres connection 'list_db_dev_staging'
[0m11:56:48.973182 [debug] [ThreadPool]: Using postgres connection "list_db_dev_marts"
[0m11:56:48.973451 [debug] [ThreadPool]: Using postgres connection "list_db_dev_staging"
[0m11:56:48.973626 [debug] [ThreadPool]: On list_db_dev_marts: BEGIN
[0m11:56:48.973835 [debug] [ThreadPool]: On list_db_dev_staging: BEGIN
[0m11:56:48.974033 [debug] [ThreadPool]: Opening a new connection, currently in state init
[0m11:56:48.974272 [debug] [ThreadPool]: Opening a new connection, currently in state init
[0m11:56:48.980044 [debug] [ThreadPool]: SQL status: BEGIN in 0.006 seconds
[0m11:56:48.980309 [debug] [ThreadPool]: Using postgres connection "list_db_dev_staging"
[0m11:56:48.980529 [debug] [ThreadPool]: On list_db_dev_staging: /* {"app": "dbt", "dbt_version": "1.12.5", "profile_name": "weather", "target_name": "dev", "connection_name": "list_db_dev_staging"} */
select
      'db' as database,
      tablename as name,
      schemaname as schema,
      'table' as type
    from pg_tables
    where schemaname ilike 'dev_staging'
    union all
    select
      'db' as database,
      viewname as name,
      schemaname as schema,
      'view' as type
    from pg_views
    where schemaname ilike 'dev_staging'
    union all
    select
      'db' as database,
      matviewname as name,
      schemaname as schema,
      'materialized_view' as type
    from pg_matviews
    where schemaname ilike 'dev_staging'
  
[0m11:56:48.980909 [debug] [ThreadPool]: SQL status: BEGIN in 0.007 seconds
[0m11:56:48.981145 [debug] [ThreadPool]: Using postgres connection "list_db_dev_marts"
[0m11:56:48.981367 [debug] [ThreadPool]: On list_db_dev_marts: /* {"app": "dbt", "dbt_version": "1.12.5", "profile_name": "weather", "target_name": "dev", "connection_name": "list_db_dev_marts"} */
select
      'db' as database,
      tablename as name,
      schemaname as schema,
      'table' as type
    from pg_tables
    where schemaname ilike 'dev_marts'
    union all
    select
      'db' as database,
      viewname as name,
      schemaname as schema,
      'view' as type
    from pg_views
    where schemaname ilike 'dev_marts'
    union all
    select
      'db' as database,
      matviewname as name,
      schemaname as schema,
      'materialized_view' as type
    from pg_matviews
    where schemaname ilike 'dev_marts'
  
[0m11:56:48.982307 [debug] [ThreadPool]: SQL status: SELECT 1 in 0.002 seconds
[0m11:56:48.983068 [debug] [ThreadPool]: On list_db_dev_staging: ROLLBACK
[0m11:56:48.983251 [debug] [ThreadPool]: SQL status: SELECT 2 in 0.002 seconds
[0m11:56:48.983964 [debug] [ThreadPool]: On list_db_dev_marts: ROLLBACK
[0m11:56:48.983448 [debug] [ThreadPool]: On list_db_dev_staging: Close
[0m11:56:48.984232 [debug] [ThreadPool]: On list_db_dev_marts: Close
[0m11:56:48.987097 [debug] [MainThread]: Using postgres connection "master"
[0m11:56:48.987299 [debug] [MainThread]: On master: BEGIN
[0m11:56:48.987443 [debug] [MainThread]: Opening a new connection, currently in state init
[0m11:56:48.990338 [debug] [MainThread]: SQL status: BEGIN in 0.003 seconds
[0m11:56:48.990482 [debug] [MainThread]: Using postgres connection "master"
[0m11:56:48.990633 [debug] [MainThread]: On master: /* {"app": "dbt", "dbt_version": "1.12.5", "profile_name": "weather", "target_name": "dev", "connection_name": "master"} */
select distinct
        dependent_namespace.nspname as dependent_schema,
        dependent_class.relname as dependent_name,
        referenced_namespace.nspname as referenced_schema,
        referenced_class.relname as referenced_name

    -- Query for views: views are entries in pg_class with an entry in pg_rewrite, but we avoid
    -- a seq scan on pg_rewrite by leveraging the fact there is an "internal" row in pg_depend for
    -- the view...
    from pg_class as dependent_class
    join pg_namespace as dependent_namespace on dependent_namespace.oid = dependent_class.relnamespace
    join pg_depend as dependent_depend on dependent_depend.refobjid = dependent_class.oid
        and dependent_depend.classid = 'pg_rewrite'::regclass
        and dependent_depend.refclassid = 'pg_class'::regclass
        and dependent_depend.deptype = 'i'

    -- ... and via pg_depend (that has a row per column, hence the need for "distinct" above, and
    -- making sure to exclude the internal row to avoid a view appearing to depend on itself)...
    join pg_depend as joining_depend on joining_depend.objid = dependent_depend.objid
        and joining_depend.classid = 'pg_rewrite'::regclass
        and joining_depend.refclassid = 'pg_class'::regclass
        and joining_depend.refobjid != dependent_depend.refobjid

    -- ... we can find the tables they query from in pg_class, but excluding system tables. Note we
    -- don't need need to exclude _dependent_ system tables, because they only query from other
    -- system tables, and so are automatically excluded by excluding _referenced_ system tables
    join pg_class as referenced_class on referenced_class.oid = joining_depend.refobjid
    join pg_namespace as referenced_namespace on referenced_namespace.oid = referenced_class.relnamespace
        and referenced_namespace.nspname != 'information_schema'
        and referenced_namespace.nspname not like 'pg\_%'

    order by
        dependent_schema, dependent_name, referenced_schema, referenced_name;
[0m11:56:48.991966 [debug] [MainThread]: SQL status: SELECT 1 in 0.001 seconds
[0m11:56:48.992494 [debug] [MainThread]: Sending event: {'category': 'dbt', 'action': 'runnable_timing', 'label': 'a6f2e610-a0f4-4d92-b523-057c36b6fd33', 'context': [<snowplow_tracker.self_describing_json.SelfDescribingJson object at 0xffff7766f040>]}
[0m11:56:48.992681 [debug] [MainThread]: On master: ROLLBACK
[0m11:56:48.992830 [debug] [MainThread]: Using postgres connection "master"
[0m11:56:48.992937 [debug] [MainThread]: On master: BEGIN
[0m11:56:48.993106 [debug] [MainThread]: SQL status: BEGIN in 0.000 seconds
[0m11:56:48.993234 [debug] [MainThread]: On master: COMMIT
[0m11:56:48.993353 [debug] [MainThread]: Using postgres connection "master"
[0m11:56:48.993469 [debug] [MainThread]: On master: COMMIT
[0m11:56:48.993616 [debug] [MainThread]: SQL status: COMMIT in 0.000 seconds
[0m11:56:48.993733 [debug] [MainThread]: On master: Close
[0m11:56:48.995013 [debug] [Thread-3 (]: Began running node test.weather.not_null_dim_location_location_key.c1a2c0b86c
[0m11:56:48.995227 [debug] [Thread-4 (]: Began running node test.weather.not_null_fct_weather_observation_location_key.460574f20b
[0m11:56:48.995412 [debug] [Thread-1 (]: Began running node test.weather.dbt_utils_accepted_range_fallback_fct_weather_observation_temperature_c__60___90.97bfbc5ec5
[0m11:56:48.995590 [debug] [Thread-2 (]: Began running node test.weather.not_null_dim_location_city.9914acb951
[0m11:56:48.995763 [info ] [Thread-3 (]: 3 of 16 START test not_null_dim_location_location_key .......................... [RUN]
[0m11:56:48.995987 [info ] [Thread-4 (]: 4 of 16 START test not_null_fct_weather_observation_location_key ............... [RUN]
[0m11:56:48.996269 [info ] [Thread-1 (]: 1 of 16 START test dbt_utils_accepted_range_fallback_fct_weather_observation_temperature_c__60___90  [RUN]
[0m11:56:48.996469 [info ] [Thread-2 (]: 2 of 16 START test not_null_dim_location_city .................................. [RUN]
[0m11:56:48.996740 [debug] [Thread-3 (]: Acquiring new postgres connection 'test.weather.not_null_dim_location_location_key.c1a2c0b86c'
[0m11:56:48.996993 [debug] [Thread-4 (]: Acquiring new postgres connection 'test.weather.not_null_fct_weather_observation_location_key.460574f20b'
[0m11:56:48.997198 [debug] [Thread-1 (]: Re-using an available connection from the pool (formerly list_db_dev_staging, now test.weather.dbt_utils_accepted_range_fallback_fct_weather_observation_temperature_c__60___90.97bfbc5ec5)
[0m11:56:48.997420 [debug] [Thread-2 (]: Re-using an available connection from the pool (formerly list_db_dev_marts, now test.weather.not_null_dim_location_city.9914acb951)
[0m11:56:48.997596 [debug] [Thread-3 (]: Began compiling node test.weather.not_null_dim_location_location_key.c1a2c0b86c
[0m11:56:48.997777 [debug] [Thread-4 (]: Began compiling node test.weather.not_null_fct_weather_observation_location_key.460574f20b
[0m11:56:48.997945 [debug] [Thread-1 (]: Began compiling node test.weather.dbt_utils_accepted_range_fallback_fct_weather_observation_temperature_c__60___90.97bfbc5ec5
[0m11:56:48.998121 [debug] [Thread-2 (]: Began compiling node test.weather.not_null_dim_location_city.9914acb951
[0m11:56:49.006005 [debug] [Thread-3 (]: Writing injected SQL for node "test.weather.not_null_dim_location_location_key.c1a2c0b86c"
[0m11:56:49.008500 [debug] [Thread-4 (]: Writing injected SQL for node "test.weather.not_null_fct_weather_observation_location_key.460574f20b"
[0m11:56:49.011382 [debug] [Thread-1 (]: Writing injected SQL for node "test.weather.dbt_utils_accepted_range_fallback_fct_weather_observation_temperature_c__60___90.97bfbc5ec5"
[0m11:56:49.013923 [debug] [Thread-2 (]: Writing injected SQL for node "test.weather.not_null_dim_location_city.9914acb951"
[0m11:56:49.014778 [debug] [Thread-3 (]: Began executing node test.weather.not_null_dim_location_location_key.c1a2c0b86c
[0m11:56:49.014985 [debug] [Thread-4 (]: Began executing node test.weather.not_null_fct_weather_observation_location_key.460574f20b
[0m11:56:49.022975 [debug] [Thread-4 (]: Writing runtime sql for node "test.weather.not_null_fct_weather_observation_location_key.460574f20b"
[0m11:56:49.023254 [debug] [Thread-3 (]: Writing runtime sql for node "test.weather.not_null_dim_location_location_key.c1a2c0b86c"
[0m11:56:49.023461 [debug] [Thread-2 (]: Began executing node test.weather.not_null_dim_location_city.9914acb951
[0m11:56:49.023630 [debug] [Thread-1 (]: Began executing node test.weather.dbt_utils_accepted_range_fallback_fct_weather_observation_temperature_c__60___90.97bfbc5ec5
[0m11:56:49.024396 [debug] [Thread-2 (]: Writing runtime sql for node "test.weather.not_null_dim_location_city.9914acb951"
[0m11:56:49.024563 [debug] [Thread-4 (]: Using postgres connection "test.weather.not_null_fct_weather_observation_location_key.460574f20b"
[0m11:56:49.025610 [debug] [Thread-4 (]: On test.weather.not_null_fct_weather_observation_location_key.460574f20b: BEGIN
[0m11:56:49.025472 [debug] [Thread-3 (]: Using postgres connection "test.weather.not_null_dim_location_location_key.c1a2c0b86c"
[0m11:56:49.025184 [debug] [Thread-1 (]: Writing runtime sql for node "test.weather.dbt_utils_accepted_range_fallback_fct_weather_observation_temperature_c__60___90.97bfbc5ec5"
[0m11:56:49.025773 [debug] [Thread-4 (]: Opening a new connection, currently in state init
[0m11:56:49.025970 [debug] [Thread-3 (]: On test.weather.not_null_dim_location_location_key.c1a2c0b86c: BEGIN
[0m11:56:49.026182 [debug] [Thread-2 (]: Using postgres connection "test.weather.not_null_dim_location_city.9914acb951"
[0m11:56:49.026689 [debug] [Thread-3 (]: Opening a new connection, currently in state init
[0m11:56:49.026979 [debug] [Thread-2 (]: On test.weather.not_null_dim_location_city.9914acb951: BEGIN
[0m11:56:49.027467 [debug] [Thread-2 (]: Opening a new connection, currently in state closed
[0m11:56:49.027245 [debug] [Thread-1 (]: Using postgres connection "test.weather.dbt_utils_accepted_range_fallback_fct_weather_observation_temperature_c__60___90.97bfbc5ec5"
[0m11:56:49.027769 [debug] [Thread-1 (]: On test.weather.dbt_utils_accepted_range_fallback_fct_weather_observation_temperature_c__60___90.97bfbc5ec5: BEGIN
[0m11:56:49.028154 [debug] [Thread-1 (]: Opening a new connection, currently in state closed
[0m11:56:49.031552 [debug] [Thread-3 (]: SQL status: BEGIN in 0.005 seconds
[0m11:56:49.032407 [debug] [Thread-3 (]: Using postgres connection "test.weather.not_null_dim_location_location_key.c1a2c0b86c"
[0m11:56:49.032560 [debug] [Thread-4 (]: SQL status: BEGIN in 0.007 seconds
[0m11:56:49.032720 [debug] [Thread-3 (]: On test.weather.not_null_dim_location_location_key.c1a2c0b86c: /* {"app": "dbt", "dbt_version": "1.12.5", "profile_name": "weather", "target_name": "dev", "node_id": "test.weather.not_null_dim_location_location_key.c1a2c0b86c"} */

    
    select
      count(*) as failures,
      count(*) != 0 as should_warn,
      count(*) != 0 as should_error
    from (
      
    
  
    
    



select location_key
from "db"."dev_marts"."dim_location"
where location_key is null



  
  
      
    ) dbt_internal_test
[0m11:56:49.032941 [debug] [Thread-4 (]: Using postgres connection "test.weather.not_null_fct_weather_observation_location_key.460574f20b"
[0m11:56:49.033135 [debug] [Thread-2 (]: SQL status: BEGIN in 0.006 seconds
[0m11:56:49.033386 [debug] [Thread-4 (]: On test.weather.not_null_fct_weather_observation_location_key.460574f20b: /* {"app": "dbt", "dbt_version": "1.12.5", "profile_name": "weather", "target_name": "dev", "node_id": "test.weather.not_null_fct_weather_observation_location_key.460574f20b"} */

    
    select
      count(*) as failures,
      count(*) != 0 as should_warn,
      count(*) != 0 as should_error
    from (
      
    
  
    
    



select location_key
from "db"."dev_marts"."fct_weather_observation"
where location_key is null



  
  
      
    ) dbt_internal_test
[0m11:56:49.033608 [debug] [Thread-1 (]: SQL status: BEGIN in 0.005 seconds
[0m11:56:49.033742 [debug] [Thread-2 (]: Using postgres connection "test.weather.not_null_dim_location_city.9914acb951"
[0m11:56:49.033889 [debug] [Thread-3 (]: SQL status: SELECT 1 in 0.001 seconds
[0m11:56:49.034119 [debug] [Thread-1 (]: Using postgres connection "test.weather.dbt_utils_accepted_range_fallback_fct_weather_observation_temperature_c__60___90.97bfbc5ec5"
[0m11:56:49.036740 [debug] [Thread-1 (]: On test.weather.dbt_utils_accepted_range_fallback_fct_weather_observation_temperature_c__60___90.97bfbc5ec5: /* {"app": "dbt", "dbt_version": "1.12.5", "profile_name": "weather", "target_name": "dev", "node_id": "test.weather.dbt_utils_accepted_range_fallback_fct_weather_observation_temperature_c__60___90.97bfbc5ec5"} */

    
    select
      count(*) as failures,
      count(*) != 0 as should_warn,
      count(*) != 0 as should_error
    from (
      
    
  
    select *
    from "db"."dev_marts"."fct_weather_observation"
    where temperature_c < -90
       or temperature_c > 60

  
  
      
    ) dbt_internal_test
[0m11:56:49.034442 [debug] [Thread-4 (]: SQL status: SELECT 1 in 0.000 seconds
[0m11:56:49.036532 [debug] [Thread-3 (]: On test.weather.not_null_dim_location_location_key.c1a2c0b86c: ROLLBACK
[0m11:56:49.034275 [debug] [Thread-2 (]: On test.weather.not_null_dim_location_city.9914acb951: /* {"app": "dbt", "dbt_version": "1.12.5", "profile_name": "weather", "target_name": "dev", "node_id": "test.weather.not_null_dim_location_city.9914acb951"} */

    
    select
      count(*) as failures,
      count(*) != 0 as should_warn,
      count(*) != 0 as should_error
    from (
      
    
  
    
    



select city
from "db"."dev_marts"."dim_location"
where city is null



  
  
      
    ) dbt_internal_test
[0m11:56:49.037424 [debug] [Thread-4 (]: On test.weather.not_null_fct_weather_observation_location_key.460574f20b: ROLLBACK
[0m11:56:49.037620 [debug] [Thread-1 (]: SQL status: SELECT 1 in 0.001 seconds
[0m11:56:49.037827 [debug] [Thread-3 (]: On test.weather.not_null_dim_location_location_key.c1a2c0b86c: Close
[0m11:56:49.038472 [debug] [Thread-1 (]: On test.weather.dbt_utils_accepted_range_fallback_fct_weather_observation_temperature_c__60___90.97bfbc5ec5: ROLLBACK
[0m11:56:49.038625 [debug] [Thread-2 (]: SQL status: SELECT 1 in 0.001 seconds
[0m11:56:49.038764 [debug] [Thread-4 (]: On test.weather.not_null_fct_weather_observation_location_key.460574f20b: Close
[0m11:56:49.039101 [info ] [Thread-3 (]: 3 of 16 PASS not_null_dim_location_location_key ................................ [[32mPASS[0m in 0.04s]
[0m11:56:49.039767 [debug] [Thread-2 (]: On test.weather.not_null_dim_location_city.9914acb951: ROLLBACK
[0m11:56:49.039908 [debug] [Thread-1 (]: On test.weather.dbt_utils_accepted_range_fallback_fct_weather_observation_temperature_c__60___90.97bfbc5ec5: Close
[0m11:56:49.040210 [info ] [Thread-4 (]: 4 of 16 PASS not_null_fct_weather_observation_location_key ..................... [[32mPASS[0m in 0.04s]
[0m11:56:49.040472 [debug] [Thread-3 (]: Finished running node test.weather.not_null_dim_location_location_key.c1a2c0b86c
[0m11:56:49.041372 [debug] [Thread-3 (]: Began running node test.weather.not_null_fct_weather_observation_observation_id.d4d626336e
[0m11:56:49.040797 [info ] [Thread-1 (]: 1 of 16 PASS dbt_utils_accepted_range_fallback_fct_weather_observation_temperature_c__60___90  [[32mPASS[0m in 0.04s]
[0m11:56:49.041173 [debug] [Thread-4 (]: Finished running node test.weather.not_null_fct_weather_observation_location_key.460574f20b
[0m11:56:49.040910 [debug] [Thread-2 (]: On test.weather.not_null_dim_location_city.9914acb951: Close
[0m11:56:49.041575 [info ] [Thread-3 (]: 5 of 16 START test not_null_fct_weather_observation_observation_id ............. [RUN]
[0m11:56:49.041804 [debug] [Thread-1 (]: Finished running node test.weather.dbt_utils_accepted_range_fallback_fct_weather_observation_temperature_c__60___90.97bfbc5ec5
[0m11:56:49.042005 [debug] [Thread-4 (]: Began running node test.weather.not_null_fct_weather_observation_observed_at.de8c4970c5
[0m11:56:49.042282 [info ] [Thread-2 (]: 2 of 16 PASS not_null_dim_location_city ........................................ [[32mPASS[0m in 0.04s]
[0m11:56:49.042479 [debug] [Thread-3 (]: Re-using an available connection from the pool (formerly test.weather.not_null_dim_location_location_key.c1a2c0b86c, now test.weather.not_null_fct_weather_observation_observation_id.d4d626336e)
[0m11:56:49.042685 [debug] [Thread-1 (]: Began running node test.weather.not_null_fct_weather_observation_temperature_c.3bf5f9c541
[0m11:56:49.042874 [info ] [Thread-4 (]: 6 of 16 START test not_null_fct_weather_observation_observed_at ................ [RUN]
[0m11:56:49.043135 [debug] [Thread-2 (]: Finished running node test.weather.not_null_dim_location_city.9914acb951
[0m11:56:49.043312 [debug] [Thread-3 (]: Began compiling node test.weather.not_null_fct_weather_observation_observation_id.d4d626336e
[0m11:56:49.043479 [info ] [Thread-1 (]: 7 of 16 START test not_null_fct_weather_observation_temperature_c .............. [RUN]
[0m11:56:49.043696 [debug] [Thread-4 (]: Re-using an available connection from the pool (formerly test.weather.not_null_fct_weather_observation_location_key.460574f20b, now test.weather.not_null_fct_weather_observation_observed_at.de8c4970c5)
[0m11:56:49.043885 [debug] [Thread-2 (]: Began running node test.weather.not_null_stg_weather_city.c03e0c0127
[0m11:56:49.046983 [debug] [Thread-3 (]: Writing injected SQL for node "test.weather.not_null_fct_weather_observation_observation_id.d4d626336e"
[0m11:56:49.047193 [debug] [Thread-1 (]: Re-using an available connection from the pool (formerly test.weather.dbt_utils_accepted_range_fallback_fct_weather_observation_temperature_c__60___90.97bfbc5ec5, now test.weather.not_null_fct_weather_observation_temperature_c.3bf5f9c541)
[0m11:56:49.047376 [debug] [Thread-4 (]: Began compiling node test.weather.not_null_fct_weather_observation_observed_at.de8c4970c5
[0m11:56:49.047544 [info ] [Thread-2 (]: 8 of 16 START test not_null_stg_weather_city ................................... [RUN]
[0m11:56:49.047864 [debug] [Thread-1 (]: Began compiling node test.weather.not_null_fct_weather_observation_temperature_c.3bf5f9c541
[0m11:56:49.050323 [debug] [Thread-4 (]: Writing injected SQL for node "test.weather.not_null_fct_weather_observation_observed_at.de8c4970c5"
[0m11:56:49.050559 [debug] [Thread-2 (]: Re-using an available connection from the pool (formerly test.weather.not_null_dim_location_city.9914acb951, now test.weather.not_null_stg_weather_city.c03e0c0127)
[0m11:56:49.050716 [debug] [Thread-3 (]: Began executing node test.weather.not_null_fct_weather_observation_observation_id.d4d626336e
[0m11:56:49.053153 [debug] [Thread-1 (]: Writing injected SQL for node "test.weather.not_null_fct_weather_observation_temperature_c.3bf5f9c541"
[0m11:56:49.053396 [debug] [Thread-2 (]: Began compiling node test.weather.not_null_stg_weather_city.c03e0c0127
[0m11:56:49.054085 [debug] [Thread-3 (]: Writing runtime sql for node "test.weather.not_null_fct_weather_observation_observation_id.d4d626336e"
[0m11:56:49.054376 [debug] [Thread-4 (]: Began executing node test.weather.not_null_fct_weather_observation_observed_at.de8c4970c5
[0m11:56:49.056927 [debug] [Thread-2 (]: Writing injected SQL for node "test.weather.not_null_stg_weather_city.c03e0c0127"
[0m11:56:49.057248 [debug] [Thread-1 (]: Began executing node test.weather.not_null_fct_weather_observation_temperature_c.3bf5f9c541
[0m11:56:49.057808 [debug] [Thread-4 (]: Writing runtime sql for node "test.weather.not_null_fct_weather_observation_observed_at.de8c4970c5"
[0m11:56:49.058557 [debug] [Thread-1 (]: Writing runtime sql for node "test.weather.not_null_fct_weather_observation_temperature_c.3bf5f9c541"
[0m11:56:49.058748 [debug] [Thread-3 (]: Using postgres connection "test.weather.not_null_fct_weather_observation_observation_id.d4d626336e"
[0m11:56:49.059441 [debug] [Thread-3 (]: On test.weather.not_null_fct_weather_observation_observation_id.d4d626336e: BEGIN
[0m11:56:49.059175 [debug] [Thread-2 (]: Began executing node test.weather.not_null_stg_weather_city.c03e0c0127
[0m11:56:49.059666 [debug] [Thread-3 (]: Opening a new connection, currently in state closed
[0m11:56:49.059869 [debug] [Thread-4 (]: Using postgres connection "test.weather.not_null_fct_weather_observation_observed_at.de8c4970c5"
[0m11:56:49.060028 [debug] [Thread-1 (]: Using postgres connection "test.weather.not_null_fct_weather_observation_temperature_c.3bf5f9c541"
[0m11:56:49.060604 [debug] [Thread-2 (]: Writing runtime sql for node "test.weather.not_null_stg_weather_city.c03e0c0127"
[0m11:56:49.060946 [debug] [Thread-4 (]: On test.weather.not_null_fct_weather_observation_observed_at.de8c4970c5: BEGIN
[0m11:56:49.061131 [debug] [Thread-1 (]: On test.weather.not_null_fct_weather_observation_temperature_c.3bf5f9c541: BEGIN
[0m11:56:49.061418 [debug] [Thread-4 (]: Opening a new connection, currently in state closed
[0m11:56:49.061609 [debug] [Thread-1 (]: Opening a new connection, currently in state closed
[0m11:56:49.061820 [debug] [Thread-2 (]: Using postgres connection "test.weather.not_null_stg_weather_city.c03e0c0127"
[0m11:56:49.063547 [debug] [Thread-2 (]: On test.weather.not_null_stg_weather_city.c03e0c0127: BEGIN
[0m11:56:49.063749 [debug] [Thread-2 (]: Opening a new connection, currently in state closed
[0m11:56:49.064123 [debug] [Thread-3 (]: SQL status: BEGIN in 0.004 seconds
[0m11:56:49.064315 [debug] [Thread-3 (]: Using postgres connection "test.weather.not_null_fct_weather_observation_observation_id.d4d626336e"
[0m11:56:49.066781 [debug] [Thread-3 (]: On test.weather.not_null_fct_weather_observation_observation_id.d4d626336e: /* {"app": "dbt", "dbt_version": "1.12.5", "profile_name": "weather", "target_name": "dev", "node_id": "test.weather.not_null_fct_weather_observation_observation_id.d4d626336e"} */

    
    select
      count(*) as failures,
      count(*) != 0 as should_warn,
      count(*) != 0 as should_error
    from (
      
    
  
    
    



select observation_id
from "db"."dev_marts"."fct_weather_observation"
where observation_id is null



  
  
      
    ) dbt_internal_test
[0m11:56:49.067158 [debug] [Thread-1 (]: SQL status: BEGIN in 0.006 seconds
[0m11:56:49.067332 [debug] [Thread-3 (]: SQL status: SELECT 1 in 0.000 seconds
[0m11:56:49.067489 [debug] [Thread-1 (]: Using postgres connection "test.weather.not_null_fct_weather_observation_temperature_c.3bf5f9c541"
[0m11:56:49.067616 [debug] [Thread-4 (]: SQL status: BEGIN in 0.006 seconds
[0m11:56:49.067762 [debug] [Thread-2 (]: SQL status: BEGIN in 0.004 seconds
[0m11:56:49.068473 [debug] [Thread-3 (]: On test.weather.not_null_fct_weather_observation_observation_id.d4d626336e: ROLLBACK
[0m11:56:49.068647 [debug] [Thread-1 (]: On test.weather.not_null_fct_weather_observation_temperature_c.3bf5f9c541: /* {"app": "dbt", "dbt_version": "1.12.5", "profile_name": "weather", "target_name": "dev", "node_id": "test.weather.not_null_fct_weather_observation_temperature_c.3bf5f9c541"} */

    
    select
      count(*) as failures,
      count(*) != 0 as should_warn,
      count(*) != 0 as should_error
    from (
      
    
  
    
    



select temperature_c
from "db"."dev_marts"."fct_weather_observation"
where temperature_c is null



  
  
      
    ) dbt_internal_test
[0m11:56:49.068827 [debug] [Thread-4 (]: Using postgres connection "test.weather.not_null_fct_weather_observation_observed_at.de8c4970c5"
[0m11:56:49.069007 [debug] [Thread-2 (]: Using postgres connection "test.weather.not_null_stg_weather_city.c03e0c0127"
[0m11:56:49.069255 [debug] [Thread-3 (]: On test.weather.not_null_fct_weather_observation_observation_id.d4d626336e: Close
[0m11:56:49.069406 [debug] [Thread-4 (]: On test.weather.not_null_fct_weather_observation_observed_at.de8c4970c5: /* {"app": "dbt", "dbt_version": "1.12.5", "profile_name": "weather", "target_name": "dev", "node_id": "test.weather.not_null_fct_weather_observation_observed_at.de8c4970c5"} */

    
    select
      count(*) as failures,
      count(*) != 0 as should_warn,
      count(*) != 0 as should_error
    from (
      
    
  
    
    



select observed_at
from "db"."dev_marts"."fct_weather_observation"
where observed_at is null



  
  
      
    ) dbt_internal_test
[0m11:56:49.069561 [debug] [Thread-1 (]: SQL status: SELECT 1 in 0.000 seconds
[0m11:56:49.069710 [debug] [Thread-2 (]: On test.weather.not_null_stg_weather_city.c03e0c0127: /* {"app": "dbt", "dbt_version": "1.12.5", "profile_name": "weather", "target_name": "dev", "node_id": "test.weather.not_null_stg_weather_city.c03e0c0127"} */

    
    select
      count(*) as failures,
      count(*) != 0 as should_warn,
      count(*) != 0 as should_error
    from (
      
    
  
    
    



select city
from "db"."dev_staging"."stg_weather"
where city is null



  
  
      
    ) dbt_internal_test
[0m11:56:49.070029 [info ] [Thread-3 (]: 5 of 16 PASS not_null_fct_weather_observation_observation_id ................... [[32mPASS[0m in 0.03s]
[0m11:56:49.070755 [debug] [Thread-1 (]: On test.weather.not_null_fct_weather_observation_temperature_c.3bf5f9c541: ROLLBACK
[0m11:56:49.070932 [debug] [Thread-4 (]: SQL status: SELECT 1 in 0.001 seconds
[0m11:56:49.071218 [debug] [Thread-3 (]: Finished running node test.weather.not_null_fct_weather_observation_observation_id.d4d626336e
[0m11:56:49.071575 [debug] [Thread-2 (]: SQL status: SELECT 1 in 0.000 seconds
[0m11:56:49.072177 [debug] [Thread-4 (]: On test.weather.not_null_fct_weather_observation_observed_at.de8c4970c5: ROLLBACK
[0m11:56:49.072326 [debug] [Thread-1 (]: On test.weather.not_null_fct_weather_observation_temperature_c.3bf5f9c541: Close
[0m11:56:49.073606 [info ] [Thread-1 (]: 7 of 16 PASS not_null_fct_weather_observation_temperature_c .................... [[32mPASS[0m in 0.03s]
[0m11:56:49.073127 [debug] [Thread-2 (]: On test.weather.not_null_stg_weather_city.c03e0c0127: ROLLBACK
[0m11:56:49.073354 [debug] [Thread-4 (]: On test.weather.not_null_fct_weather_observation_observed_at.de8c4970c5: Close
[0m11:56:49.072513 [debug] [Thread-3 (]: Began running node test.weather.not_null_stg_weather_observation_id.ff421f4d37
[0m11:56:49.074491 [info ] [Thread-3 (]: 9 of 16 START test not_null_stg_weather_observation_id ......................... [RUN]
[0m11:56:49.074076 [debug] [Thread-2 (]: On test.weather.not_null_stg_weather_city.c03e0c0127: Close
[0m11:56:49.074318 [info ] [Thread-4 (]: 6 of 16 PASS not_null_fct_weather_observation_observed_at ...................... [[32mPASS[0m in 0.03s]
[0m11:56:49.073846 [debug] [Thread-1 (]: Finished running node test.weather.not_null_fct_weather_observation_temperature_c.3bf5f9c541
[0m11:56:49.075409 [debug] [Thread-1 (]: Began running node test.weather.not_null_stg_weather_observed_at.3c5a1584f0
[0m11:56:49.074974 [info ] [Thread-2 (]: 8 of 16 PASS not_null_stg_weather_city ......................................... [[32mPASS[0m in 0.02s]
[0m11:56:49.075215 [debug] [Thread-4 (]: Finished running node test.weather.not_null_fct_weather_observation_observed_at.de8c4970c5
[0m11:56:49.074693 [debug] [Thread-3 (]: Re-using an available connection from the pool (formerly test.weather.not_null_fct_weather_observation_observation_id.d4d626336e, now test.weather.not_null_stg_weather_observation_id.ff421f4d37)
[0m11:56:49.076222 [debug] [Thread-3 (]: Began compiling node test.weather.not_null_stg_weather_observation_id.ff421f4d37
[0m11:56:49.075845 [debug] [Thread-2 (]: Finished running node test.weather.not_null_stg_weather_city.c03e0c0127
[0m11:56:49.076036 [debug] [Thread-4 (]: Began running node test.weather.not_null_stg_weather_temperature_c.3a7a09f65f
[0m11:56:49.075589 [info ] [Thread-1 (]: 10 of 16 START test not_null_stg_weather_observed_at ........................... [RUN]
[0m11:56:49.080551 [debug] [Thread-3 (]: Writing injected SQL for node "test.weather.not_null_stg_weather_observation_id.ff421f4d37"
[0m11:56:49.080809 [debug] [Thread-2 (]: Began running node test.weather.relationships_fct_weather_observation_location_key__location_key__ref_dim_location_.2ce5c71a08
[0m11:56:49.081020 [info ] [Thread-4 (]: 11 of 16 START test not_null_stg_weather_temperature_c ......................... [RUN]
[0m11:56:49.081278 [debug] [Thread-1 (]: Re-using an available connection from the pool (formerly test.weather.not_null_fct_weather_observation_temperature_c.3bf5f9c541, now test.weather.not_null_stg_weather_observed_at.3c5a1584f0)
[0m11:56:49.081593 [info ] [Thread-2 (]: 12 of 16 START test relationships_fct_weather_observation_location_key__location_key__ref_dim_location_  [RUN]
[0m11:56:49.081902 [debug] [Thread-4 (]: Re-using an available connection from the pool (formerly test.weather.not_null_fct_weather_observation_observed_at.de8c4970c5, now test.weather.not_null_stg_weather_temperature_c.3a7a09f65f)
[0m11:56:49.082121 [debug] [Thread-1 (]: Began compiling node test.weather.not_null_stg_weather_observed_at.3c5a1584f0
[0m11:56:49.082294 [debug] [Thread-3 (]: Began executing node test.weather.not_null_stg_weather_observation_id.ff421f4d37
[0m11:56:49.085580 [debug] [Thread-3 (]: Writing runtime sql for node "test.weather.not_null_stg_weather_observation_id.ff421f4d37"
[0m11:56:49.082654 [debug] [Thread-4 (]: Began compiling node test.weather.not_null_stg_weather_temperature_c.3a7a09f65f
[0m11:56:49.084998 [debug] [Thread-1 (]: Writing injected SQL for node "test.weather.not_null_stg_weather_observed_at.3c5a1584f0"
[0m11:56:49.082478 [debug] [Thread-2 (]: Re-using an available connection from the pool (formerly test.weather.not_null_stg_weather_city.c03e0c0127, now test.weather.relationships_fct_weather_observation_location_key__location_key__ref_dim_location_.2ce5c71a08)
[0m11:56:49.088490 [debug] [Thread-2 (]: Began compiling node test.weather.relationships_fct_weather_observation_location_key__location_key__ref_dim_location_.2ce5c71a08
[0m11:56:49.088305 [debug] [Thread-3 (]: Using postgres connection "test.weather.not_null_stg_weather_observation_id.ff421f4d37"
[0m11:56:49.087943 [debug] [Thread-4 (]: Writing injected SQL for node "test.weather.not_null_stg_weather_temperature_c.3a7a09f65f"
[0m11:56:49.094229 [debug] [Thread-1 (]: Began executing node test.weather.not_null_stg_weather_observed_at.3c5a1584f0
[0m11:56:49.095516 [debug] [Thread-2 (]: Writing injected SQL for node "test.weather.relationships_fct_weather_observation_location_key__location_key__ref_dim_location_.2ce5c71a08"
[0m11:56:49.095711 [debug] [Thread-3 (]: On test.weather.not_null_stg_weather_observation_id.ff421f4d37: BEGIN
[0m11:56:49.096394 [debug] [Thread-1 (]: Writing runtime sql for node "test.weather.not_null_stg_weather_observed_at.3c5a1584f0"
[0m11:56:49.096619 [debug] [Thread-3 (]: Opening a new connection, currently in state closed
[0m11:56:49.096875 [debug] [Thread-4 (]: Began executing node test.weather.not_null_stg_weather_temperature_c.3a7a09f65f
[0m11:56:49.097675 [debug] [Thread-4 (]: Writing runtime sql for node "test.weather.not_null_stg_weather_temperature_c.3a7a09f65f"
[0m11:56:49.097837 [debug] [Thread-2 (]: Began executing node test.weather.relationships_fct_weather_observation_location_key__location_key__ref_dim_location_.2ce5c71a08
[0m11:56:49.098737 [debug] [Thread-2 (]: Writing runtime sql for node "test.weather.relationships_fct_weather_observation_location_key__location_key__ref_dim_location_.2ce5c71a08"
[0m11:56:49.098150 [debug] [Thread-1 (]: Using postgres connection "test.weather.not_null_stg_weather_observed_at.3c5a1584f0"
[0m11:56:49.098958 [debug] [Thread-1 (]: On test.weather.not_null_stg_weather_observed_at.3c5a1584f0: BEGIN
[0m11:56:49.099177 [debug] [Thread-1 (]: Opening a new connection, currently in state closed
[0m11:56:49.099336 [debug] [Thread-4 (]: Using postgres connection "test.weather.not_null_stg_weather_temperature_c.3a7a09f65f"
[0m11:56:49.099604 [debug] [Thread-2 (]: Using postgres connection "test.weather.relationships_fct_weather_observation_location_key__location_key__ref_dim_location_.2ce5c71a08"
[0m11:56:49.099876 [debug] [Thread-4 (]: On test.weather.not_null_stg_weather_temperature_c.3a7a09f65f: BEGIN
[0m11:56:49.100063 [debug] [Thread-2 (]: On test.weather.relationships_fct_weather_observation_location_key__location_key__ref_dim_location_.2ce5c71a08: BEGIN
[0m11:56:49.100269 [debug] [Thread-4 (]: Opening a new connection, currently in state closed
[0m11:56:49.101954 [debug] [Thread-2 (]: Opening a new connection, currently in state closed
[0m11:56:49.102127 [debug] [Thread-3 (]: SQL status: BEGIN in 0.005 seconds
[0m11:56:49.102414 [debug] [Thread-1 (]: SQL status: BEGIN in 0.003 seconds
[0m11:56:49.102615 [debug] [Thread-3 (]: Using postgres connection "test.weather.not_null_stg_weather_observation_id.ff421f4d37"
[0m11:56:49.102852 [debug] [Thread-1 (]: Using postgres connection "test.weather.not_null_stg_weather_observed_at.3c5a1584f0"
[0m11:56:49.103048 [debug] [Thread-3 (]: On test.weather.not_null_stg_weather_observation_id.ff421f4d37: /* {"app": "dbt", "dbt_version": "1.12.5", "profile_name": "weather", "target_name": "dev", "node_id": "test.weather.not_null_stg_weather_observation_id.ff421f4d37"} */

    
    select
      count(*) as failures,
      count(*) != 0 as should_warn,
      count(*) != 0 as should_error
    from (
      
    
  
    
    



select observation_id
from "db"."dev_staging"."stg_weather"
where observation_id is null



  
  
      
    ) dbt_internal_test
[0m11:56:49.104188 [debug] [Thread-1 (]: On test.weather.not_null_stg_weather_observed_at.3c5a1584f0: /* {"app": "dbt", "dbt_version": "1.12.5", "profile_name": "weather", "target_name": "dev", "node_id": "test.weather.not_null_stg_weather_observed_at.3c5a1584f0"} */

    
    select
      count(*) as failures,
      count(*) != 0 as should_warn,
      count(*) != 0 as should_error
    from (
      
    
  
    
    



select observed_at
from "db"."dev_staging"."stg_weather"
where observed_at is null



  
  
      
    ) dbt_internal_test
[0m11:56:49.104823 [debug] [Thread-1 (]: SQL status: SELECT 1 in 0.000 seconds
[0m11:56:49.104970 [debug] [Thread-3 (]: SQL status: SELECT 1 in 0.001 seconds
[0m11:56:49.105646 [debug] [Thread-1 (]: On test.weather.not_null_stg_weather_observed_at.3c5a1584f0: ROLLBACK
[0m11:56:49.106309 [debug] [Thread-3 (]: On test.weather.not_null_stg_weather_observation_id.ff421f4d37: ROLLBACK
[0m11:56:49.106598 [debug] [Thread-1 (]: On test.weather.not_null_stg_weather_observed_at.3c5a1584f0: Close
[0m11:56:49.106756 [debug] [Thread-3 (]: On test.weather.not_null_stg_weather_observation_id.ff421f4d37: Close
[0m11:56:49.107057 [info ] [Thread-1 (]: 10 of 16 PASS not_null_stg_weather_observed_at ................................. [[32mPASS[0m in 0.03s]
[0m11:56:49.107373 [debug] [Thread-2 (]: SQL status: BEGIN in 0.005 seconds
[0m11:56:49.107237 [debug] [Thread-4 (]: SQL status: BEGIN in 0.007 seconds
[0m11:56:49.107611 [info ] [Thread-3 (]: 9 of 16 PASS not_null_stg_weather_observation_id ............................... [[32mPASS[0m in 0.03s]
[0m11:56:49.107866 [debug] [Thread-1 (]: Finished running node test.weather.not_null_stg_weather_observed_at.3c5a1584f0
[0m11:56:49.108047 [debug] [Thread-2 (]: Using postgres connection "test.weather.relationships_fct_weather_observation_location_key__location_key__ref_dim_location_.2ce5c71a08"
[0m11:56:49.108836 [debug] [Thread-2 (]: On test.weather.relationships_fct_weather_observation_location_key__location_key__ref_dim_location_.2ce5c71a08: /* {"app": "dbt", "dbt_version": "1.12.5", "profile_name": "weather", "target_name": "dev", "node_id": "test.weather.relationships_fct_weather_observation_location_key__location_key__ref_dim_location_.2ce5c71a08"} */

    
    select
      count(*) as failures,
      count(*) != 0 as should_warn,
      count(*) != 0 as should_error
    from (
      
    
  
    
    

with child as (
    select location_key as from_field
    from "db"."dev_marts"."fct_weather_observation"
    where location_key is not null
),

parent as (
    select location_key as to_field
    from "db"."dev_marts"."dim_location"
)

select
    from_field

from child
left join parent
    on child.from_field = parent.to_field

where parent.to_field is null



  
  
      
    ) dbt_internal_test
[0m11:56:49.108446 [debug] [Thread-3 (]: Finished running node test.weather.not_null_stg_weather_observation_id.ff421f4d37
[0m11:56:49.108648 [debug] [Thread-1 (]: Began running node test.weather.unique_dim_location_city.ed21a4e731
[0m11:56:49.108219 [debug] [Thread-4 (]: Using postgres connection "test.weather.not_null_stg_weather_temperature_c.3a7a09f65f"
[0m11:56:49.109066 [debug] [Thread-3 (]: Began running node test.weather.unique_dim_location_location_key.b5757d64b6
[0m11:56:49.109264 [info ] [Thread-1 (]: 13 of 16 START test unique_dim_location_city ................................... [RUN]
[0m11:56:49.109443 [debug] [Thread-2 (]: SQL status: SELECT 1 in 0.000 seconds
[0m11:56:49.110627 [debug] [Thread-2 (]: On test.weather.relationships_fct_weather_observation_location_key__location_key__ref_dim_location_.2ce5c71a08: ROLLBACK
[0m11:56:49.109799 [info ] [Thread-3 (]: 14 of 16 START test unique_dim_location_location_key ........................... [RUN]
[0m11:56:49.110029 [debug] [Thread-1 (]: Re-using an available connection from the pool (formerly test.weather.not_null_stg_weather_observed_at.3c5a1584f0, now test.weather.unique_dim_location_city.ed21a4e731)
[0m11:56:49.109607 [debug] [Thread-4 (]: On test.weather.not_null_stg_weather_temperature_c.3a7a09f65f: /* {"app": "dbt", "dbt_version": "1.12.5", "profile_name": "weather", "target_name": "dev", "node_id": "test.weather.not_null_stg_weather_temperature_c.3a7a09f65f"} */

    
    select
      count(*) as failures,
      count(*) != 0 as should_warn,
      count(*) != 0 as should_error
    from (
      
    
  
    
    



select temperature_c
from "db"."dev_staging"."stg_weather"
where temperature_c is null



  
  
      
    ) dbt_internal_test
[0m11:56:49.110827 [debug] [Thread-2 (]: On test.weather.relationships_fct_weather_observation_location_key__location_key__ref_dim_location_.2ce5c71a08: Close
[0m11:56:49.110991 [debug] [Thread-3 (]: Re-using an available connection from the pool (formerly test.weather.not_null_stg_weather_observation_id.ff421f4d37, now test.weather.unique_dim_location_location_key.b5757d64b6)
[0m11:56:49.111175 [debug] [Thread-1 (]: Began compiling node test.weather.unique_dim_location_city.ed21a4e731
[0m11:56:49.111526 [info ] [Thread-2 (]: 12 of 16 PASS relationships_fct_weather_observation_location_key__location_key__ref_dim_location_  [[32mPASS[0m in 0.03s]
[0m11:56:49.111732 [debug] [Thread-3 (]: Began compiling node test.weather.unique_dim_location_location_key.b5757d64b6
[0m11:56:49.111891 [debug] [Thread-4 (]: SQL status: SELECT 1 in 0.001 seconds
[0m11:56:49.115625 [debug] [Thread-1 (]: Writing injected SQL for node "test.weather.unique_dim_location_city.ed21a4e731"
[0m11:56:49.115877 [debug] [Thread-2 (]: Finished running node test.weather.relationships_fct_weather_observation_location_key__location_key__ref_dim_location_.2ce5c71a08
[0m11:56:49.118160 [debug] [Thread-3 (]: Writing injected SQL for node "test.weather.unique_dim_location_location_key.b5757d64b6"
[0m11:56:49.118741 [debug] [Thread-4 (]: On test.weather.not_null_stg_weather_temperature_c.3a7a09f65f: ROLLBACK
[0m11:56:49.119064 [debug] [Thread-2 (]: Began running node test.weather.unique_fct_weather_observation_observation_id.2350f7f487
[0m11:56:49.119624 [info ] [Thread-2 (]: 15 of 16 START test unique_fct_weather_observation_observation_id .............. [RUN]
[0m11:56:49.119494 [debug] [Thread-4 (]: On test.weather.not_null_stg_weather_temperature_c.3a7a09f65f: Close
[0m11:56:49.119808 [debug] [Thread-1 (]: Began executing node test.weather.unique_dim_location_city.ed21a4e731
[0m11:56:49.119983 [debug] [Thread-2 (]: Re-using an available connection from the pool (formerly test.weather.relationships_fct_weather_observation_location_key__location_key__ref_dim_location_.2ce5c71a08, now test.weather.unique_fct_weather_observation_observation_id.2350f7f487)
[0m11:56:49.120207 [debug] [Thread-3 (]: Began executing node test.weather.unique_dim_location_location_key.b5757d64b6
[0m11:56:49.120436 [info ] [Thread-4 (]: 11 of 16 PASS not_null_stg_weather_temperature_c ............................... [[32mPASS[0m in 0.04s]
[0m11:56:49.121034 [debug] [Thread-1 (]: Writing runtime sql for node "test.weather.unique_dim_location_city.ed21a4e731"
[0m11:56:49.121208 [debug] [Thread-2 (]: Began compiling node test.weather.unique_fct_weather_observation_observation_id.2350f7f487
[0m11:56:49.121813 [debug] [Thread-3 (]: Writing runtime sql for node "test.weather.unique_dim_location_location_key.b5757d64b6"
[0m11:56:49.122071 [debug] [Thread-4 (]: Finished running node test.weather.not_null_stg_weather_temperature_c.3a7a09f65f
[0m11:56:49.124691 [debug] [Thread-2 (]: Writing injected SQL for node "test.weather.unique_fct_weather_observation_observation_id.2350f7f487"
[0m11:56:49.124995 [debug] [Thread-4 (]: Began running node test.weather.unique_stg_weather_observation_id.9e85c109c9
[0m11:56:49.125246 [debug] [Thread-1 (]: Using postgres connection "test.weather.unique_dim_location_city.ed21a4e731"
[0m11:56:49.126076 [debug] [Thread-1 (]: On test.weather.unique_dim_location_city.ed21a4e731: BEGIN
[0m11:56:49.125776 [debug] [Thread-3 (]: Using postgres connection "test.weather.unique_dim_location_location_key.b5757d64b6"
[0m11:56:49.125936 [debug] [Thread-2 (]: Began executing node test.weather.unique_fct_weather_observation_observation_id.2350f7f487
[0m11:56:49.125542 [info ] [Thread-4 (]: 16 of 16 START test unique_stg_weather_observation_id .......................... [RUN]
[0m11:56:49.126239 [debug] [Thread-1 (]: Opening a new connection, currently in state closed
[0m11:56:49.126394 [debug] [Thread-3 (]: On test.weather.unique_dim_location_location_key.b5757d64b6: BEGIN
[0m11:56:49.126934 [debug] [Thread-2 (]: Writing runtime sql for node "test.weather.unique_fct_weather_observation_observation_id.2350f7f487"
[0m11:56:49.127151 [debug] [Thread-4 (]: Re-using an available connection from the pool (formerly test.weather.not_null_stg_weather_temperature_c.3a7a09f65f, now test.weather.unique_stg_weather_observation_id.9e85c109c9)
[0m11:56:49.127469 [debug] [Thread-3 (]: Opening a new connection, currently in state closed
[0m11:56:49.127751 [debug] [Thread-4 (]: Began compiling node test.weather.unique_stg_weather_observation_id.9e85c109c9
[0m11:56:49.130408 [debug] [Thread-4 (]: Writing injected SQL for node "test.weather.unique_stg_weather_observation_id.9e85c109c9"
[0m11:56:49.130602 [debug] [Thread-2 (]: Using postgres connection "test.weather.unique_fct_weather_observation_observation_id.2350f7f487"
[0m11:56:49.131215 [debug] [Thread-2 (]: On test.weather.unique_fct_weather_observation_observation_id.2350f7f487: BEGIN
[0m11:56:49.131526 [debug] [Thread-2 (]: Opening a new connection, currently in state closed
[0m11:56:49.131390 [debug] [Thread-4 (]: Began executing node test.weather.unique_stg_weather_observation_id.9e85c109c9
[0m11:56:49.132490 [debug] [Thread-4 (]: Writing runtime sql for node "test.weather.unique_stg_weather_observation_id.9e85c109c9"
[0m11:56:49.132807 [debug] [Thread-1 (]: SQL status: BEGIN in 0.007 seconds
[0m11:56:49.132953 [debug] [Thread-3 (]: SQL status: BEGIN in 0.005 seconds
[0m11:56:49.133103 [debug] [Thread-1 (]: Using postgres connection "test.weather.unique_dim_location_city.ed21a4e731"
[0m11:56:49.133306 [debug] [Thread-3 (]: Using postgres connection "test.weather.unique_dim_location_location_key.b5757d64b6"
[0m11:56:49.133464 [debug] [Thread-4 (]: Using postgres connection "test.weather.unique_stg_weather_observation_id.9e85c109c9"
[0m11:56:49.134785 [debug] [Thread-1 (]: On test.weather.unique_dim_location_city.ed21a4e731: /* {"app": "dbt", "dbt_version": "1.12.5", "profile_name": "weather", "target_name": "dev", "node_id": "test.weather.unique_dim_location_city.ed21a4e731"} */

    
    select
      count(*) as failures,
      count(*) != 0 as should_warn,
      count(*) != 0 as should_error
    from (
      
    
  
    
    

select
    city as unique_field,
    count(*) as n_records

from "db"."dev_marts"."dim_location"
where city is not null
group by city
having count(*) > 1



  
  
      
    ) dbt_internal_test
[0m11:56:49.134962 [debug] [Thread-3 (]: On test.weather.unique_dim_location_location_key.b5757d64b6: /* {"app": "dbt", "dbt_version": "1.12.5", "profile_name": "weather", "target_name": "dev", "node_id": "test.weather.unique_dim_location_location_key.b5757d64b6"} */

    
    select
      count(*) as failures,
      count(*) != 0 as should_warn,
      count(*) != 0 as should_error
    from (
      
    
  
    
    

select
    location_key as unique_field,
    count(*) as n_records

from "db"."dev_marts"."dim_location"
where location_key is not null
group by location_key
having count(*) > 1



  
  
      
    ) dbt_internal_test
[0m11:56:49.135151 [debug] [Thread-4 (]: On test.weather.unique_stg_weather_observation_id.9e85c109c9: BEGIN
[0m11:56:49.135305 [debug] [Thread-2 (]: SQL status: BEGIN in 0.004 seconds
[0m11:56:49.135523 [debug] [Thread-4 (]: Opening a new connection, currently in state closed
[0m11:56:49.135698 [debug] [Thread-2 (]: Using postgres connection "test.weather.unique_fct_weather_observation_observation_id.2350f7f487"
[0m11:56:49.135862 [debug] [Thread-1 (]: SQL status: SELECT 1 in 0.000 seconds
[0m11:56:49.135993 [debug] [Thread-3 (]: SQL status: SELECT 1 in 0.001 seconds
[0m11:56:49.136246 [debug] [Thread-2 (]: On test.weather.unique_fct_weather_observation_observation_id.2350f7f487: /* {"app": "dbt", "dbt_version": "1.12.5", "profile_name": "weather", "target_name": "dev", "node_id": "test.weather.unique_fct_weather_observation_observation_id.2350f7f487"} */

    
    select
      count(*) as failures,
      count(*) != 0 as should_warn,
      count(*) != 0 as should_error
    from (
      
    
  
    
    

select
    observation_id as unique_field,
    count(*) as n_records

from "db"."dev_marts"."fct_weather_observation"
where observation_id is not null
group by observation_id
having count(*) > 1



  
  
      
    ) dbt_internal_test
[0m11:56:49.136918 [debug] [Thread-1 (]: On test.weather.unique_dim_location_city.ed21a4e731: ROLLBACK
[0m11:56:49.137470 [debug] [Thread-3 (]: On test.weather.unique_dim_location_location_key.b5757d64b6: ROLLBACK
[0m11:56:49.137794 [debug] [Thread-1 (]: On test.weather.unique_dim_location_city.ed21a4e731: Close
[0m11:56:49.138312 [info ] [Thread-1 (]: 13 of 16 PASS unique_dim_location_city ......................................... [[32mPASS[0m in 0.03s]
[0m11:56:49.138062 [debug] [Thread-2 (]: SQL status: SELECT 1 in 0.000 seconds
[0m11:56:49.137923 [debug] [Thread-3 (]: On test.weather.unique_dim_location_location_key.b5757d64b6: Close
[0m11:56:49.139529 [info ] [Thread-3 (]: 14 of 16 PASS unique_dim_location_location_key ................................. [[32mPASS[0m in 0.03s]
[0m11:56:49.139136 [debug] [Thread-2 (]: On test.weather.unique_fct_weather_observation_observation_id.2350f7f487: ROLLBACK
[0m11:56:49.139298 [debug] [Thread-4 (]: SQL status: BEGIN in 0.004 seconds
[0m11:56:49.138557 [debug] [Thread-1 (]: Finished running node test.weather.unique_dim_location_city.ed21a4e731
[0m11:56:49.139764 [debug] [Thread-3 (]: Finished running node test.weather.unique_dim_location_location_key.b5757d64b6
[0m11:56:49.139977 [debug] [Thread-2 (]: On test.weather.unique_fct_weather_observation_observation_id.2350f7f487: Close
[0m11:56:49.140146 [debug] [Thread-4 (]: Using postgres connection "test.weather.unique_stg_weather_observation_id.9e85c109c9"
[0m11:56:49.140547 [info ] [Thread-2 (]: 15 of 16 PASS unique_fct_weather_observation_observation_id .................... [[32mPASS[0m in 0.02s]
[0m11:56:49.140748 [debug] [Thread-4 (]: On test.weather.unique_stg_weather_observation_id.9e85c109c9: /* {"app": "dbt", "dbt_version": "1.12.5", "profile_name": "weather", "target_name": "dev", "node_id": "test.weather.unique_stg_weather_observation_id.9e85c109c9"} */

    
    select
      count(*) as failures,
      count(*) != 0 as should_warn,
      count(*) != 0 as should_error
    from (
      
    
  
    
    

select
    observation_id as unique_field,
    count(*) as n_records

from "db"."dev_staging"."stg_weather"
where observation_id is not null
group by observation_id
having count(*) > 1



  
  
      
    ) dbt_internal_test
[0m11:56:49.141008 [debug] [Thread-2 (]: Finished running node test.weather.unique_fct_weather_observation_observation_id.2350f7f487
[0m11:56:49.141661 [debug] [Thread-4 (]: SQL status: SELECT 1 in 0.000 seconds
[0m11:56:49.142207 [debug] [Thread-4 (]: On test.weather.unique_stg_weather_observation_id.9e85c109c9: ROLLBACK
[0m11:56:49.142419 [debug] [Thread-4 (]: On test.weather.unique_stg_weather_observation_id.9e85c109c9: Close
[0m11:56:49.142699 [info ] [Thread-4 (]: 16 of 16 PASS unique_stg_weather_observation_id ................................ [[32mPASS[0m in 0.02s]
[0m11:56:49.142952 [debug] [Thread-4 (]: Finished running node test.weather.unique_stg_weather_observation_id.9e85c109c9
[0m11:56:49.143666 [debug] [MainThread]: Using postgres connection "master"
[0m11:56:49.143830 [debug] [MainThread]: On master: BEGIN
[0m11:56:49.143968 [debug] [MainThread]: Opening a new connection, currently in state closed
[0m11:56:49.146642 [debug] [MainThread]: SQL status: BEGIN in 0.003 seconds
[0m11:56:49.146781 [debug] [MainThread]: On master: COMMIT
[0m11:56:49.146902 [debug] [MainThread]: Using postgres connection "master"
[0m11:56:49.147007 [debug] [MainThread]: On master: COMMIT
[0m11:56:49.147145 [debug] [MainThread]: SQL status: COMMIT in 0.000 seconds
[0m11:56:49.147286 [debug] [MainThread]: On master: Close
[0m11:56:49.147482 [debug] [MainThread]: Connection 'master' was properly closed.
[0m11:56:49.147608 [debug] [MainThread]: Connection 'test.weather.unique_fct_weather_observation_observation_id.2350f7f487' was properly closed.
[0m11:56:49.147758 [debug] [MainThread]: Connection 'test.weather.unique_dim_location_city.ed21a4e731' was properly closed.
[0m11:56:49.147866 [debug] [MainThread]: Connection 'test.weather.unique_dim_location_location_key.b5757d64b6' was properly closed.
[0m11:56:49.147986 [debug] [MainThread]: Connection 'test.weather.unique_stg_weather_observation_id.9e85c109c9' was properly closed.
[0m11:56:49.148137 [info ] [MainThread]: 
[0m11:56:49.148316 [info ] [MainThread]: Finished running 16 data tests in 0 hours 0 minutes and 0.19 seconds (0.19s).
[0m11:56:49.149297 [debug] [MainThread]: Command end result
[0m11:56:49.167441 [debug] [MainThread]: Wrote artifact WritableManifest to /opt/airflow/project/dbt/weather/target/manifest.json
[0m11:56:49.168822 [debug] [MainThread]: Wrote artifact SemanticManifest to /opt/airflow/project/dbt/weather/target/semantic_manifest.json
[0m11:56:49.169993 [debug] [MainThread]: Wrote artifact OsiDocument to /opt/airflow/project/dbt/weather/target/osi_document.json
[0m11:56:49.173813 [debug] [MainThread]: Wrote artifact RunExecutionResult to /opt/airflow/project/dbt/weather/target/run_results.json
[0m11:56:49.173943 [info ] [MainThread]: 
[0m11:56:49.174098 [info ] [MainThread]: [32mCompleted successfully[0m
[0m11:56:49.174239 [info ] [MainThread]: 
[0m11:56:49.174381 [info ] [MainThread]: Done. PASS=16 WARN=0 ERROR=0 SKIP=0 NO-OP=0 REUSED=0 TOTAL=16
[0m11:56:49.174810 [debug] [MainThread]: Resource report: {"command_name": "test", "command_success": true, "command_wall_clock_time": 0.5479244, "process_in_blocks": "0", "process_kernel_time": 0.070041, "process_mem_max_rss": "150576", "process_out_blocks": "2473", "process_user_time": 1.087642}
[0m11:56:49.175012 [debug] [MainThread]: Command `dbt test` succeeded at 11:56:49.174978 after 0.55 seconds
[0m11:56:49.175205 [debug] [MainThread]: Sending event: {'category': 'dbt', 'action': 'invocation', 'label': 'end', 'context': [<snowplow_tracker.self_describing_json.SelfDescribingJson object at 0xffff79f75550>, <snowplow_tracker.self_describing_json.SelfDescribingJson object at 0xffff78a5f070>, <snowplow_tracker.self_describing_json.SelfDescribingJson object at 0xffff78a5fc20>]}
[0m11:56:49.175386 [debug] [MainThread]: Flushing usage events
[0m11:56:49.387560 [debug] [MainThread]: An error was encountered while trying to flush usage events
